frame,time_sec,vo_x,vo_y,vo_theta_deg,speed_kmh,steering_deg,action,alert_level,min_obs_dist,features
1,0.03,0.0,0.0,0.0,0,3.1,STEER LEFT (HAZARD AHEAD),CRITICAL,99.0,0
2,0.07,0.0,0.0,0.0,0,2.5,MAINTAIN COURSE (PATH CLEAR),NORMAL,99.0,150
3,0.1,0.0,0.07,0.02,2,2.0,MAINTAIN COURSE (PATH CLEAR),NORMAL,99.0,144
4,0.13,0.0,0.15,0.01,4,-1.5,STEER RIGHT (HAZARD AHEAD),CRITICAL,4.4,128
5,0.17,-0.0,0.22,-0.16,5,-4.3,STEER RIGHT (HAZARD AHEAD),CRITICAL,4.4,112
6,0.2,-0.0,0.3,-0.18,6,-6.4,STEER RIGHT (HAZARD AHEAD),CRITICAL,4.4,102
7,0.23,-0.0,0.38,-0.14,7,-8.1,STEER RIGHT (HAZARD AHEAD),CRITICAL,4.4,91
8,0.27,-0.0,0.44,-0.15,7,-9.4,STEER RIGHT (HAZARD AHEAD),CRITICAL,4.4,83
9,0.3,-0.0,0.49,-0.16,6,-10.4,STEER RIGHT (HAZARD AHEAD),CRITICAL,4.4,77
10,0.33,-0.0,0.54,-0.11,6,-5.0,STEER LEFT (HAZARD AHEAD),CRITICAL,4.4,76
11,0.37,-0.0,0.58,-0.17,5,-7.0,STEER RIGHT (HAZARD AHEAD),CRITICAL,4.4,75
12,0.4,-0.0,0.63,-0.27,5,-8.5,STEER RIGHT (HAZARD AHEAD),CRITICAL,4.4,73
13,0.43,-0.0,0.67,-0.27,5,-9.7,STEER RIGHT (HAZARD AHEAD),CRITICAL,4.4,69
14,0.47,-0.0,0.7,-0.27,5,-10.7,STEER RIGHT (HAZARD AHEAD),CRITICAL,4.4,67
15,0.5,-0.0,0.73,-0.26,4,-11.4,STEER RIGHT (HAZARD AHEAD),CRITICAL,4.4,64
16,0.53,-0.0,0.79,-0.27,5,-12.0,STEER RIGHT (HAZARD AHEAD),CRITICAL,4.4,57
17,0.57,-0.0,0.84,-0.46,5,-12.4,STEER RIGHT (HAZARD AHEAD),CRITICAL,4.4,55
18,0.6,-0.0,0.89,-0.42,5,-12.8,STEER RIGHT (HAZARD AHEAD),CRITICAL,4.4,55
19,0.63,-0.0,0.93,-0.56,5,-13.0,STEER RIGHT (HAZARD AHEAD),CRITICAL,4.4,54
20,0.67,-0.0,0.97,-0.52,5,-7.1,STEER LEFT (HAZARD AHEAD),CRITICAL,4.4,54
21,0.7,-0.0,1.01,-0.52,5,-2.5,STEER LEFT (HAZARD AHEAD),CRITICAL,4.4,52
22,0.73,-0.0,1.06,-0.51,5,-5.0,STEER RIGHT (HAZARD AHEAD),CRITICAL,4.4,49
23,0.77,-0.0,1.11,-0.55,5,-7.0,STEER RIGHT (HAZARD AHEAD),CRITICAL,4.4,48
24,0.8,-0.0,1.15,-0.25,5,-8.5,STEER RIGHT (HAZARD AHEAD),CRITICAL,4.4,48
25,0.83,-0.01,1.18,-0.31,4,-9.7,STEER RIGHT (HAZARD AHEAD),CRITICAL,4.4,48
26,0.87,-0.01,1.22,-0.22,4,-10.7,STEER RIGHT (HAZARD AHEAD),CRITICAL,4.4,46
27,0.9,-0.01,1.22,-0.23,3,-11.4,STEER RIGHT (HAZARD AHEAD),CRITICAL,4.4,45
28,0.93,-0.01,1.26,-0.14,3,-12.0,STEER RIGHT (HAZARD AHEAD),CRITICAL,4.4,45
29,0.97,-0.01,1.32,-0.2,4,-9.3,MAINTAIN COURSE (PATH CLEAR),NORMAL,99.0,45
30,1.0,-0.01,1.36,-0.15,4,-7.2,MAINTAIN COURSE (PATH CLEAR),NORMAL,99.0,45
31,1.03,-0.01,1.4,-0.23,4,-5.6,MAINTAIN COURSE (PATH CLEAR),NORMAL,99.0,45
32,1.07,-0.01,1.45,-0.27,5,-7.4,STEER RIGHT (HAZARD AHEAD),CRITICAL,4.4,45
33,1.1,-0.01,1.5,-0.33,5,-8.9,STEER RIGHT (HAZARD AHEAD),CRITICAL,4.4,45
34,1.13,-0.01,1.55,-0.19,5,-10.0,STEER RIGHT (HAZARD AHEAD),CRITICAL,4.4,45
35,1.17,-0.01,1.6,-0.23,5,-10.9,STEER RIGHT (HAZARD AHEAD),CRITICAL,4.4,44
36,1.2,-0.01,1.63,-0.28,5,-11.6,STEER RIGHT (HAZARD AHEAD),CRITICAL,4.4,43
37,1.23,-0.01,1.67,-0.38,5,-12.1,STEER RIGHT (HAZARD AHEAD),CRITICAL,4.4,42
38,1.27,-0.01,1.73,-0.45,5,-12.5,STEER RIGHT (HAZARD AHEAD),CRITICAL,4.4,39
39,1.3,-0.01,1.81,-0.43,6,-9.7,MAINTAIN COURSE (PATH CLEAR),NORMAL,99.0,145
40,1.33,-0.01,1.89,-0.38,7,-7.6,MAINTAIN COURSE (PATH CLEAR),NORMAL,99.0,141
41,1.37,-0.01,1.98,-0.26,8,-5.9,MAINTAIN COURSE (PATH CLEAR),NORMAL,99.0,138
42,1.4,-0.01,2.1,-0.23,9,-2.7,STEER LEFT (CLEAR CORRIDOR),CAUTION,7.4,133
43,1.43,-0.01,2.2,-0.25,9,-4.0,STEER RIGHT (CLEAR CORRIDOR),CAUTION,7.4,128
44,1.47,-0.01,2.29,-0.26,10,-5.1,STEER RIGHT (CLEAR CORRIDOR),CAUTION,7.4,119
45,1.5,-0.01,2.34,-0.23,8,-5.9,STEER RIGHT (CLEAR CORRIDOR),CAUTION,7.4,115
46,1.53,-0.01,2.38,-0.39,7,-6.5,STEER RIGHT (CLEAR CORRIDOR),CAUTION,7.4,107
47,1.57,-0.01,2.43,-0.42,7,-7.0,STEER RIGHT (CLEAR CORRIDOR),CAUTION,7.4,106
48,1.6,-0.01,2.49,-0.38,7,-5.4,MAINTAIN COURSE (PATH CLEAR),NORMAL,99.0,98
49,1.63,-0.01,2.56,-0.35,7,-4.2,MAINTAIN COURSE (PATH CLEAR),NORMAL,99.0,90
50,1.67,-0.01,2.61,-0.55,7,-5.3,STEER RIGHT (CLEAR CORRIDOR),CAUTION,6.7,89
51,1.7,-0.01,2.65,-0.52,6,-6.1,STEER RIGHT (CLEAR CORRIDOR),CAUTION,6.7,89
52,1.74,-0.01,2.71,-0.72,6,-6.8,STEER RIGHT (CLEAR CORRIDOR),CAUTION,6.7,88
53,1.77,-0.01,2.76,-0.92,6,-3.3,STEER LEFT (CLEAR CORRIDOR),CAUTION,6.8,85
54,1.8,-0.02,2.82,-0.93,6,-0.6,STEER LEFT (CLEAR CORRIDOR),CAUTION,6.8,81
55,1.84,-0.02,2.88,-2.58,6,-2.4,STEER RIGHT (CLEAR CORRIDOR),CAUTION,6.8,79
56,1.87,-0.02,2.93,-2.59,6,-3.9,STEER RIGHT (CLEAR CORRIDOR),CAUTION,6.7,79
57,1.9,-0.02,2.97,-2.74,5,-5.1,STEER RIGHT (CLEAR CORRIDOR),CAUTION,6.7,78
58,1.94,-0.02,3.03,-2.81,6,-6.0,STEER RIGHT (CLEAR CORRIDOR),CAUTION,6.7,74
59,1.97,-0.03,3.11,-2.8,6,-4.6,MAINTAIN COURSE (PATH CLEAR),NORMAL,99.0,74
60,2.0,-0.03,3.18,-2.8,7,-3.5,MAINTAIN COURSE (PATH CLEAR),NORMAL,99.0,74
61,2.04,-0.03,3.22,-3.09,6,-4.7,STEER RIGHT (CLEAR CORRIDOR),CAUTION,7.2,74
62,2.07,-0.04,3.3,-3.11,7,-5.6,STEER RIGHT (CLEAR CORRIDOR),CAUTION,7.2,72
63,2.1,-0.04,3.34,-3.12,6,-2.4,STEER LEFT (CLEAR CORRIDOR),CAUTION,7.2,67
64,2.14,-0.04,3.4,-3.13,6,0.1,STEER LEFT (CLEAR CORRIDOR),CAUTION,7.1,66
65,2.17,-0.05,3.51,-3.13,8,-1.9,STEER RIGHT (CLEAR CORRIDOR),CAUTION,7.0,66
66,2.2,-0.05,3.59,-3.14,8,-3.5,STEER RIGHT (CLEAR CORRIDOR),CAUTION,6.9,66
67,2.24,-0.06,3.64,-3.27,7,-4.7,STEER RIGHT (CLEAR CORRIDOR),CAUTION,6.8,66
68,2.27,-0.06,3.7,-3.23,7,-6.8,STEER RIGHT (HAZARD AHEAD),CRITICAL,4.4,65
69,2.3,-0.06,3.76,-3.17,7,-8.4,STEER RIGHT (HAZARD AHEAD),CRITICAL,4.4,63
70,2.34,-0.07,3.8,-3.05,6,-9.6,STEER RIGHT (HAZARD AHEAD),CRITICAL,4.4,63
71,2.37,-0.07,3.84,-2.96,6,-10.6,STEER RIGHT (HAZARD AHEAD),CRITICAL,4.4,63
72,2.4,-0.07,3.87,-2.89,5,-11.3,STEER RIGHT (HAZARD AHEAD),CRITICAL,4.4,63
73,2.44,-0.07,3.91,-2.81,5,-11.9,STEER RIGHT (HAZARD AHEAD),CRITICAL,4.4,63
74,2.47,-0.07,3.96,-2.82,5,-7.3,STEER LEFT (CLEAR CORRIDOR),CAUTION,6.7,63
75,2.5,-0.08,4.02,-2.86,5,-3.7,STEER LEFT (CLEAR CORRIDOR),CAUTION,6.7,63
76,2.54,-0.08,4.06,-2.93,5,-0.8,STEER LEFT (CLEAR CORRIDOR),CAUTION,6.8,62
77,2.57,-0.08,4.1,-2.98,5,-2.7,STEER RIGHT (CLEAR CORRIDOR),CAUTION,6.7,62
78,2.6,-0.08,4.15,-3.01,5,-4.1,STEER RIGHT (CLEAR CORRIDOR),CAUTION,6.7,62
79,2.64,-0.09,4.19,-3.0,5,-6.3,STEER RIGHT (HAZARD AHEAD),CRITICAL,6.5,60
80,2.67,-0.09,4.24,-3.04,5,-8.0,STEER RIGHT (HAZARD AHEAD),CRITICAL,6.5,60
81,2.7,-0.09,4.29,-3.05,5,-3.1,STEER LEFT (HAZARD AHEAD),CRITICAL,4.4,60
82,2.74,-0.09,4.34,-3.04,5,0.6,STEER LEFT (HAZARD AHEAD),CRITICAL,4.4,60
83,2.77,-0.1,4.38,-3.18,5,3.6,STEER LEFT (HAZARD AHEAD),CRITICAL,4.4,59
84,2.8,-0.1,4.45,-3.16,6,5.9,STEER LEFT (HAZARD AHEAD),CRITICAL,4.4,59
85,2.84,-0.1,4.52,-3.22,6,7.7,STEER LEFT (HAZARD AHEAD),CRITICAL,4.4,59
86,2.87,-0.11,4.6,-3.17,7,9.0,STEER LEFT (HAZARD AHEAD),CRITICAL,4.4,58
87,2.9,-0.11,4.66,-3.11,7,10.1,STEER LEFT (HAZARD AHEAD),CRITICAL,4.4,57
88,2.94,-0.12,4.77,-3.12,8,11.0,STEER LEFT (HAZARD AHEAD),CRITICAL,4.4,57
89,2.97,-0.12,4.91,-3.14,10,11.7,STEER LEFT (HAZARD AHEAD),CRITICAL,6.2,56
90,3.0,-0.13,5.06,-3.17,12,12.2,STEER LEFT (HAZARD AHEAD),CRITICAL,6.2,53
91,3.04,-0.14,5.21,-3.21,13,12.6,STEER LEFT (HAZARD AHEAD),CRITICAL,6.2,51
92,3.07,-0.15,5.33,-3.27,13,12.9,STEER LEFT (HAZARD AHEAD),CRITICAL,6.1,51
93,3.1,-0.16,5.48,-3.27,14,13.1,STEER LEFT (HAZARD AHEAD),CRITICAL,5.9,51
94,3.14,-0.17,5.63,-3.28,14,13.3,STEER LEFT (HAZARD AHEAD),CRITICAL,5.9,51
95,3.17,-0.17,5.76,-3.27,14,13.5,STEER LEFT (HAZARD AHEAD),CRITICAL,5.9,51
96,3.2,-0.18,5.9,-3.22,15,13.6,STEER LEFT (HAZARD AHEAD),CRITICAL,5.9,51
97,3.24,-0.19,6.01,-3.19,14,13.7,STEER LEFT (HAZARD AHEAD),CRITICAL,5.9,39
98,3.27,-0.19,6.1,-3.32,13,13.7,STEER LEFT (HAZARD AHEAD),CRITICAL,5.8,154
99,3.3,-0.2,6.2,-3.23,12,13.8,STEER LEFT (HAZARD AHEAD),CRITICAL,5.8,132
100,3.34,-0.2,6.31,-3.24,12,13.8,STEER LEFT (HAZARD AHEAD),CRITICAL,5.8,126
101,3.37,-0.21,6.44,-3.23,13,13.9,STEER LEFT (HAZARD AHEAD),CRITICAL,6.1,122
102,3.4,-0.22,6.53,-3.23,12,13.9,STEER LEFT (HAZARD AHEAD),CRITICAL,6.1,113
103,3.44,-0.22,6.62,-3.09,11,13.9,STEER LEFT (HAZARD AHEAD),CRITICAL,6.1,108
104,3.47,-0.23,6.71,-3.06,11,13.9,STEER LEFT (HAZARD AHEAD),CRITICAL,4.4,98
105,3.5,-0.23,6.8,-3.03,11,14.0,STEER LEFT (HAZARD AHEAD),CRITICAL,4.4,91
106,3.54,-0.24,6.89,-3.03,10,14.0,STEER LEFT (HAZARD AHEAD),CRITICAL,4.4,87
107,3.57,-0.24,7.0,-3.04,11,14.0,STEER LEFT (HAZARD AHEAD),CRITICAL,4.4,84
108,3.6,-0.25,7.1,-2.99,11,14.0,STEER LEFT (HAZARD AHEAD),CRITICAL,4.4,81
109,3.64,-0.25,7.22,-3.07,11,14.0,STEER LEFT (HAZARD AHEAD),CRITICAL,4.4,79
110,3.67,-0.26,7.34,-3.08,12,14.0,STEER LEFT (HAZARD AHEAD),CRITICAL,4.4,76
111,3.7,-0.26,7.44,-3.07,12,14.0,STEER LEFT (HAZARD AHEAD),CRITICAL,4.4,72
112,3.74,-0.27,7.5,-3.06,10,14.0,STEER LEFT (HAZARD AHEAD),CRITICAL,4.4,66
113,3.77,-0.27,7.56,-3.07,9,14.0,STEER LEFT (HAZARD AHEAD),CRITICAL,4.4,64
114,3.8,-0.27,7.62,-3.23,8,14.0,STEER LEFT (HAZARD AHEAD),CRITICAL,4.4,63
115,3.84,-0.28,7.67,-3.23,8,14.0,STEER LEFT (HAZARD AHEAD),CRITICAL,4.4,60
116,3.87,-0.28,7.73,-3.24,7,14.0,STEER LEFT (HAZARD AHEAD),CRITICAL,5.5,58
117,3.9,-0.28,7.8,-3.31,7,14.0,STEER LEFT (HAZARD AHEAD),CRITICAL,5.7,56
118,3.94,-0.29,7.84,-3.32,7,14.0,STEER LEFT (HAZARD AHEAD),CRITICAL,5.7,56
119,3.97,-0.29,7.91,-3.33,7,14.0,STEER LEFT (HAZARD AHEAD),CRITICAL,4.4,56
120,4.0,-0.29,7.97,-3.3,7,14.0,STEER LEFT (HAZARD AHEAD),CRITICAL,4.4,55
121,4.04,-0.3,8.0,-3.29,6,14.0,STEER LEFT (HAZARD AHEAD),CRITICAL,4.4,53
122,4.07,-0.3,8.04,-3.23,5,14.0,STEER LEFT (HAZARD AHEAD),CRITICAL,4.4,52
123,4.1,-0.3,8.09,-3.26,5,14.0,STEER LEFT (HAZARD AHEAD),CRITICAL,4.4,49
124,4.14,-0.3,8.14,-3.23,5,14.0,STEER LEFT (HAZARD AHEAD),CRITICAL,4.4,49
125,4.17,-0.31,8.2,-3.2,6,14.0,STEER LEFT (HAZARD AHEAD),CRITICAL,4.4,48
126,4.2,-0.31,8.26,-3.19,6,14.0,STEER LEFT (HAZARD AHEAD),CRITICAL,4.4,47
127,4.24,-0.31,8.31,-3.19,6,14.0,STEER LEFT (HAZARD AHEAD),CRITICAL,4.4,46
128,4.27,-0.32,8.36,-3.17,6,14.0,STEER LEFT (HAZARD AHEAD),CRITICAL,4.4,46
129,4.3,-0.32,8.44,-3.18,7,14.0,STEER LEFT (HAZARD AHEAD),CRITICAL,4.4,46
130,4.34,-0.32,8.5,-3.22,6,14.0,STEER LEFT (HAZARD AHEAD),CRITICAL,4.4,46
131,4.37,-0.33,8.58,-3.24,7,14.0,STEER LEFT (HAZARD AHEAD),CRITICAL,4.4,46
132,4.4,-0.33,8.64,-3.24,7,14.0,STEER LEFT (HAZARD AHEAD),CRITICAL,4.4,46
133,4.44,-0.33,8.64,-3.21,5,14.0,STEER LEFT (HAZARD AHEAD),CRITICAL,4.4,45
134,4.47,-0.34,8.7,-3.21,5,14.0,STEER LEFT (HAZARD AHEAD),CRITICAL,4.4,45
135,4.5,-0.34,8.78,-3.21,6,14.0,STEER LEFT (HAZARD AHEAD),CRITICAL,4.4,45
136,4.54,-0.34,8.86,-3.21,7,14.0,STEER LEFT (HAZARD AHEAD),CRITICAL,4.4,45
137,4.57,-0.34,8.87,-3.21,5,14.0,STEER LEFT (HAZARD AHEAD),CRITICAL,4.4,44
138,4.6,-0.35,8.96,-3.2,6,14.0,STEER LEFT (HAZARD AHEAD),CRITICAL,4.4,44
139,4.64,-0.35,9.02,-3.19,7,14.0,STEER LEFT (HAZARD AHEAD),CRITICAL,4.4,44
140,4.67,-0.36,9.12,-3.19,8,14.0,STEER LEFT (HAZARD AHEAD),CRITICAL,5.9,44
141,4.7,-0.36,9.18,-3.19,7,14.0,STEER LEFT (HAZARD AHEAD),CRITICAL,5.9,44
142,4.74,-0.37,9.3,-3.19,9,14.0,STEER LEFT (HAZARD AHEAD),CRITICAL,5.9,44
143,4.77,-0.38,9.42,-3.17,10,10.9,MAINTAIN COURSE (PATH CLEAR),NORMAL,99.0,42
144,4.8,-0.38,9.56,-3.2,11,8.5,MAINTAIN COURSE (PATH CLEAR),NORMAL,99.0,41
145,4.84,-0.38,9.56,-3.25,8,6.6,MAINTAIN COURSE (PATH CLEAR),NORMAL,99.0,41
146,4.87,-0.39,9.61,-3.34,8,5.2,MAINTAIN COURSE (PATH CLEAR),NORMAL,99.0,41
147,4.9,-0.39,9.74,-3.38,9,4.0,MAINTAIN COURSE (PATH CLEAR),NORMAL,99.0,41
148,4.94,-0.4,9.9,-3.46,12,3.1,MAINTAIN COURSE (PATH CLEAR),NORMAL,99.0,40
149,4.97,-0.42,10.12,-3.51,15,2.4,MAINTAIN COURSE (PATH CLEAR),NORMAL,99.0,40
150,5.01,-0.42,10.13,-2.43,11,1.8,MAINTAIN COURSE (PATH CLEAR),NORMAL,99.0,36
151,5.04,-0.42,10.22,-2.44,11,0.0,MAINTAIN COURSE (PATH CLEAR),NORMAL,99.0,153
152,5.07,-0.42,10.28,-2.48,10,0.0,MAINTAIN COURSE (PATH CLEAR),NORMAL,99.0,144
153,5.11,-0.43,10.38,-2.48,10,0.0,MAINTAIN COURSE (PATH CLEAR),NORMAL,99.0,137
154,5.14,-0.43,10.47,-2.48,10,0.0,MAINTAIN COURSE (PATH CLEAR),NORMAL,99.0,129
155,5.17,-0.44,10.54,-2.48,9,0.0,MAINTAIN COURSE (PATH CLEAR),NORMAL,99.0,123
156,5.21,-0.44,10.62,-2.48,9,0.0,MAINTAIN COURSE (PATH CLEAR),NORMAL,99.0,120
157,5.24,-0.44,10.72,-2.43,9,0.0,MAINTAIN COURSE (PATH CLEAR),NORMAL,99.0,120
158,5.27,-0.45,10.81,-2.46,10,0.0,MAINTAIN COURSE (PATH CLEAR),NORMAL,99.0,114
159,5.31,-0.45,10.9,-2.5,10,0.0,MAINTAIN COURSE (PATH CLEAR),NORMAL,99.0,110
160,5.34,-0.45,10.94,-2.53,8,0.0,MAINTAIN COURSE (PATH CLEAR),NORMAL,99.0,101
161,5.37,-0.46,11.03,-2.57,9,1.8,STEER LEFT (CLEAR CORRIDOR),CAUTION,8.8,100
162,5.41,-0.46,11.08,-2.59,8,3.2,STEER LEFT (CLEAR CORRIDOR),CAUTION,8.6,94
163,5.44,-0.46,11.13,-2.6,7,2.5,SLOW DOWN,CAUTION,8.5,90
164,5.47,-0.46,11.19,-2.65,7,1.9,SLOW DOWN,CAUTION,8.5,85
165,5.51,-0.47,11.25,-2.72,7,1.5,SLOW DOWN,CAUTION,8.4,82
166,5.54,-0.47,11.3,-2.79,6,1.2,SLOW DOWN,CAUTION,8.3,78
167,5.57,-0.47,11.35,-2.83,6,0.9,SLOW DOWN,CAUTION,8.3,75
168,5.61,-0.47,11.41,-2.8,6,0.7,SLOW DOWN,CAUTION,8.3,73
169,5.64,-0.48,11.47,-2.69,6,0.6,SLOW DOWN,CAUTION,8.2,70
170,5.67,-0.48,11.5,-2.73,5,2.3,STEER LEFT (CLEAR CORRIDOR),CAUTION,8.2,70
171,5.71,-0.48,11.54,-2.63,5,3.6,STEER LEFT (CLEAR CORRIDOR),CAUTION,8.1,70
172,5.74,-0.48,11.59,-2.59,5,4.7,STEER LEFT (CLEAR CORRIDOR),CAUTION,8.1,70
173,5.77,-0.48,11.6,-2.39,4,6.7,STEER LEFT (HAZARD AHEAD),CRITICAL,4.4,70
174,5.81,-0.48,11.64,-0.81,4,2.2,STEER RIGHT (HAZARD AHEAD),CRITICAL,4.4,69
175,5.84,-0.48,11.65,-0.65,3,-1.4,STEER RIGHT (HAZARD AHEAD),CRITICAL,4.4,68
176,5.87,-0.49,11.7,-0.49,4,-1.1,SLOW DOWN,CAUTION,8.0,68
177,5.91,-0.49,11.76,-0.35,5,-0.9,SLOW DOWN,CAUTION,8.0,68
178,5.94,-0.49,11.79,-0.32,4,-0.7,SLOW DOWN,CAUTION,8.0,67
179,5.97,-0.49,11.88,-0.34,6,-0.5,SLOW DOWN,CAUTION,7.9,66
180,6.01,-0.49,11.95,-0.36,6,1.5,STEER LEFT (CLEAR CORRIDOR),CAUTION,7.9,66
181,6.04,-0.49,11.98,-0.35,5,3.0,STEER LEFT (CLEAR CORRIDOR),CAUTION,7.9,65
182,6.07,-0.49,12.02,-0.29,5,4.2,STEER LEFT (CLEAR CORRIDOR),CAUTION,7.8,65
183,6.11,-0.49,12.11,-0.33,7,5.2,STEER LEFT (CLEAR CORRIDOR),CAUTION,7.8,63
184,6.14,-0.49,12.2,-1.97,7,4.0,SLOW DOWN,CAUTION,7.8,62
185,6.17,-0.49,12.2,-1.95,5,3.1,SLOW DOWN,CAUTION,7.7,62
186,6.21,-0.49,12.27,-1.97,6,2.5,SLOW DOWN,CAUTION,7.7,62
187,6.24,-0.49,12.3,-2.8,5,1.9,SLOW DOWN,CAUTION,7.7,61
188,6.27,-0.5,12.38,-2.77,6,1.5,SLOW DOWN,CAUTION,7.6,60
189,6.31,-0.5,12.38,-2.72,4,1.2,SLOW DOWN,CAUTION,7.7,60
190,6.34,-0.5,12.47,-2.69,6,0.9,SLOW DOWN,CAUTION,7.7,60
191,6.37,-0.51,12.58,-2.63,7,0.7,SLOW DOWN,CAUTION,7.6,60
192,6.41,-0.51,12.58,-2.57,6,2.5,STEER LEFT (CLEAR CORRIDOR),CAUTION,7.6,60
193,6.44,-0.51,12.59,-2.54,4,3.8,STEER LEFT (CLEAR CORRIDOR),CAUTION,7.6,60
194,6.47,-0.51,12.65,-3.15,5,3.0,SLOW DOWN,CAUTION,7.6,58
195,6.51,-0.51,12.7,-3.11,5,2.3,SLOW DOWN,CAUTION,7.6,56
196,6.54,-0.51,12.75,-2.63,5,1.8,SLOW DOWN,CAUTION,7.6,50
197,6.57,-0.51,12.75,-3.89,3,1.4,SLOW DOWN,CAUTION,7.7,50
198,6.61,-0.52,12.75,-3.92,2,1.1,SLOW DOWN,CAUTION,7.6,49
199,6.64,-0.52,12.76,-3.97,2,0.9,SLOW DOWN,CAUTION,7.6,49
200,6.67,-0.52,12.76,-3.92,1,-2.4,STEER RIGHT (HAZARD AHEAD),CRITICAL,4.4,49
201,6.71,-0.52,12.76,-3.87,1,-5.0,STEER RIGHT (HAZARD AHEAD),CRITICAL,4.4,48
202,6.74,-0.52,12.77,-0.76,1,-6.9,STEER RIGHT (HAZARD AHEAD),CRITICAL,4.4,48
203,6.77,-0.52,12.78,-1.57,1,-8.5,STEER RIGHT (HAZARD AHEAD),CRITICAL,5.4,47
204,6.81,-0.52,12.8,-2.74,1,-9.7,STEER RIGHT (HAZARD AHEAD),CRITICAL,5.4,47
205,6.84,-0.52,12.8,-3.8,1,-7.6,SLOW DOWN,CAUTION,7.6,47
206,6.87,-0.52,12.8,-3.84,1,-5.9,SLOW DOWN,CAUTION,7.6,46
207,6.91,-0.52,12.8,-3.56,0,-4.6,SLOW DOWN,CAUTION,7.6,44
208,6.94,-0.52,12.81,-4.73,0,-3.6,SLOW DOWN,CAUTION,7.7,43
209,6.97,-0.52,12.81,-4.61,0,-2.8,SLOW DOWN,CAUTION,7.7,42
210,7.01,-0.52,12.82,-4.53,0,-2.2,SLOW DOWN,CAUTION,7.7,42
211,7.04,-0.52,12.86,-3.25,2,-1.7,SLOW DOWN,CAUTION,7.8,42
212,7.07,-0.52,12.89,-3.2,2,-1.3,SLOW DOWN,CAUTION,7.8,42
213,7.11,-0.52,12.89,-4.99,1,-1.0,SLOW DOWN,CAUTION,7.8,41
214,7.14,-0.53,12.92,-4.1,2,-0.8,SLOW DOWN,CAUTION,7.8,41
215,7.17,-0.53,12.92,-4.42,1,-0.6,SLOW DOWN,CAUTION,7.7,41
216,7.21,-0.53,12.93,-3.12,1,-0.5,SLOW DOWN,CAUTION,7.7,39
217,7.24,-0.53,13.03,-3.08,4,-0.4,SLOW DOWN,CAUTION,7.9,154
218,7.27,-0.54,13.14,-3.05,6,-0.3,SLOW DOWN,CAUTION,7.8,149
219,7.31,-0.54,13.27,-3.0,8,-0.2,SLOW DOWN,CAUTION,7.8,138
220,7.34,-0.55,13.4,-2.9,10,-0.2,SLOW DOWN,CAUTION,7.8,134
221,7.37,-0.56,13.51,-2.83,10,-0.1,SLOW DOWN,CAUTION,7.8,130
222,7.41,-0.56,13.62,-2.76,11,-0.1,SLOW DOWN,CAUTION,7.9,122
223,7.44,-0.57,13.73,-2.72,11,-0.1,SLOW DOWN,CAUTION,7.8,117
224,7.47,-0.57,13.8,-2.67,10,-0.1,SLOW DOWN,CAUTION,7.8,109
225,7.51,-0.58,13.9,-2.65,10,-0.1,SLOW DOWN,CAUTION,7.7,105
226,7.54,-0.58,14.01,-2.56,11,-0.0,SLOW DOWN,CAUTION,7.7,102
227,7.57,-0.58,14.05,-2.51,9,-0.0,SLOW DOWN,CAUTION,7.7,100
228,7.61,-0.59,14.15,-2.47,9,-0.0,SLOW DOWN,CAUTION,7.7,95
229,7.64,-0.59,14.21,-2.13,9,-0.0,SLOW DOWN,CAUTION,7.7,91
230,7.67,-0.59,14.28,-2.03,8,-0.0,SLOW DOWN,CAUTION,7.8,88
231,7.71,-0.59,14.3,-1.97,7,-0.0,SLOW DOWN,CAUTION,7.9,86
232,7.74,-0.6,14.46,-1.94,10,-0.0,SLOW DOWN,CAUTION,7.9,86
233,7.77,-0.6,14.49,-2.16,8,-0.0,SLOW DOWN,CAUTION,7.8,83
234,7.81,-0.6,14.64,-2.23,10,-0.0,SLOW DOWN,CAUTION,7.8,79
235,7.84,-0.61,14.83,-2.09,13,-0.0,SLOW DOWN,CAUTION,7.7,78
236,7.87,-0.62,15.01,-2.06,15,-0.0,SLOW DOWN,CAUTION,7.6,78
237,7.91,-0.62,15.05,-2.07,12,-0.0,SLOW DOWN,CAUTION,7.6,77
238,7.94,-0.62,15.1,-2.05,10,-0.0,SLOW DOWN,CAUTION,7.5,75
239,7.97,-0.62,15.18,-2.1,10,-0.0,SLOW DOWN,CAUTION,7.5,69
240,8.01,-0.63,15.22,-2.08,8,-0.0,SLOW DOWN,CAUTION,7.5,67
241,8.04,-0.63,15.31,-2.09,9,1.9,STEER LEFT (CLEAR CORRIDOR),CAUTION,7.4,64
242,8.07,-0.63,15.31,-2.07,5,3.4,STEER LEFT (CLEAR CORRIDOR),CAUTION,7.5,61
243,8.11,-0.63,15.31,-2.08,4,2.7,SLOW DOWN,CAUTION,7.4,60
244,8.14,-0.63,15.31,-2.18,2,2.1,SLOW DOWN,CAUTION,7.4,52
245,8.17,-0.63,15.4,-2.17,4,1.6,SLOW DOWN,CAUTION,7.4,51
246,8.21,-0.63,15.4,-2.17,3,3.2,STEER LEFT (CLEAR CORRIDOR),CAUTION,7.4,49
247,8.24,-0.63,15.4,-2.22,2,2.5,SLOW DOWN,CAUTION,7.4,45
248,8.27,-0.63,15.41,-2.21,2,1.9,SLOW DOWN,CAUTION,7.4,45
249,8.31,-0.63,15.41,-2.29,1,1.5,SLOW DOWN,CAUTION,7.4,44
250,8.34,-0.63,15.42,-2.33,1,1.2,SLOW DOWN,CAUTION,7.3,42
251,8.38,-0.63,15.42,-2.32,1,0.9,SLOW DOWN,CAUTION,7.3,41
252,8.41,-0.63,15.42,-2.25,0,0.7,SLOW DOWN,CAUTION,7.3,41
253,8.44,-0.63,15.42,-2.21,0,2.5,STEER LEFT (CLEAR CORRIDOR),CAUTION,7.4,39
254,8.48,-0.64,15.47,-2.38,2,3.9,STEER LEFT (CLEAR CORRIDOR),CAUTION,7.4,159
255,8.51,-0.64,15.56,-2.39,4,3.0,SLOW DOWN,CAUTION,7.4,152
256,8.54,-0.64,15.67,-2.37,6,2.4,SLOW DOWN,CAUTION,7.4,148
257,8.58,-0.65,15.72,-2.35,6,1.8,SLOW DOWN,CAUTION,7.5,141
258,8.61,-0.65,15.8,-2.29,7,1.4,SLOW DOWN,CAUTION,7.6,132
259,8.64,-0.65,15.9,-2.25,8,1.1,SLOW DOWN,CAUTION,7.5,126
260,8.68,-0.66,16.0,-2.22,9,0.9,SLOW DOWN,CAUTION,7.5,122
261,8.71,-0.66,16.07,-2.25,8,0.7,SLOW DOWN,CAUTION,7.4,121
262,8.74,-0.66,16.13,-2.23,8,0.5,SLOW DOWN,CAUTION,7.4,117
263,8.78,-0.66,16.2,-2.21,8,2.3,STEER LEFT (CLEAR CORRIDOR),CAUTION,7.4,114
264,8.81,-0.67,16.3,-2.21,9,3.8,STEER LEFT (CLEAR CORRIDOR),CAUTION,7.3,111
265,8.84,-0.67,16.36,-2.18,8,2.9,SLOW DOWN,CAUTION,7.3,108
266,8.88,-0.67,16.42,-2.2,8,2.3,SLOW DOWN,CAUTION,7.3,106
267,8.91,-0.68,16.53,-2.3,9,3.7,STEER LEFT (CLEAR CORRIDOR),CAUTION,7.3,99
268,8.94,-0.68,16.6,-2.34,8,2.9,SLOW DOWN,CAUTION,7.3,98
269,8.98,-0.69,16.72,-2.35,10,2.3,SLOW DOWN,CAUTION,7.3,95
270,9.01,-0.69,16.84,-2.35,11,-1.3,STEER RIGHT (HAZARD AHEAD),CRITICAL,5.0,90
271,9.04,-0.69,16.89,-2.3,9,-4.1,STEER RIGHT (HAZARD AHEAD),CRITICAL,5.0,88
272,9.08,-0.7,17.02,-2.33,10,-0.1,STEER LEFT (HAZARD AHEAD),CRITICAL,5.0,80
273,9.11,-0.7,17.15,-2.38,12,1.9,STEER LEFT (CLEAR CORRIDOR),CAUTION,7.1,77
274,9.14,-0.7,17.19,-2.36,9,1.5,SLOW DOWN,CAUTION,7.1,75
275,9.18,-0.71,17.34,-2.36,11,1.1,SLOW DOWN,CAUTION,7.1,73
276,9.21,-0.72,17.49,-2.47,13,0.9,SLOW DOWN,CAUTION,7.1,68
277,9.24,-0.72,17.49,-2.5,8,0.7,SLOW DOWN,CAUTION,7.1,63
278,9.28,-0.72,17.57,-2.53,8,0.5,SLOW DOWN,CAUTION,7.1,61
279,9.31,-0.72,17.61,-2.55,7,0.4,SLOW DOWN,CAUTION,7.1,56
280,9.34,-0.72,17.61,-2.58,4,0.3,SLOW DOWN,CAUTION,7.2,55
281,9.38,-0.73,17.67,-3.36,5,0.3,SLOW DOWN,CAUTION,7.2,54
282,9.41,-0.73,17.67,-3.58,3,0.2,SLOW DOWN,CAUTION,7.2,53
283,9.44,-0.73,17.71,-3.6,3,2.1,STEER LEFT (CLEAR CORRIDOR),CAUTION,7.2,52
284,9.48,-0.73,17.77,-3.59,4,3.6,STEER LEFT (CLEAR CORRIDOR),CAUTION,7.1,51
285,9.51,-0.73,17.77,-2.22,3,4.8,STEER LEFT (CLEAR CORRIDOR),CAUTION,7.1,51
286,9.54,-0.73,17.79,2.36,2,5.7,STEER LEFT (CLEAR CORRIDOR),CAUTION,7.1,50
287,9.58,-0.73,17.79,-2.22,1,6.4,STEER LEFT (CLEAR CORRIDOR),CAUTION,7.1,50
288,9.61,-0.73,17.82,-2.23,2,7.0,STEER LEFT (CLEAR CORRIDOR),CAUTION,7.0,50
289,9.64,-0.73,17.82,-2.25,1,5.4,SLOW DOWN,CAUTION,7.0,50
290,9.68,-0.73,17.82,-2.26,1,4.2,SLOW DOWN,CAUTION,7.1,50
291,9.71,-0.73,17.86,-2.29,2,3.3,SLOW DOWN,CAUTION,7.0,50
292,9.74,-0.73,17.86,-2.31,1,2.6,SLOW DOWN,CAUTION,7.1,50
293,9.78,-0.73,17.86,-4.69,1,2.0,SLOW DOWN,CAUTION,7.1,50
294,9.81,-0.74,17.89,-4.73,1,1.6,SLOW DOWN,CAUTION,7.1,50
295,9.84,-0.74,17.89,-4.78,1,1.2,SLOW DOWN,CAUTION,7.1,50
296,9.88,-0.74,17.91,-4.81,1,2.9,STEER LEFT (CLEAR CORRIDOR),CAUTION,7.2,50
297,9.91,-0.74,17.97,-4.8,3,2.3,SLOW DOWN,CAUTION,7.1,50
298,9.94,-0.74,17.97,-4.83,2,3.7,STEER LEFT (CLEAR CORRIDOR),CAUTION,7.1,50
299,9.98,-0.74,17.97,-4.87,1,4.9,STEER LEFT (CLEAR CORRIDOR),CAUTION,7.1,50
300,10.01,-0.74,17.97,-4.89,1,3.8,SLOW DOWN,CAUTION,7.0,50
301,10.04,-0.74,17.97,-4.9,0,3.0,SLOW DOWN,CAUTION,7.1,50
302,10.08,-0.74,17.97,-4.94,0,2.3,SLOW DOWN,CAUTION,7.1,50
303,10.11,-0.74,17.97,-4.94,0,1.8,SLOW DOWN,CAUTION,7.1,50
304,10.14,-0.75,18.01,-5.03,1,3.4,STEER LEFT (CLEAR CORRIDOR),CAUTION,7.0,50
305,10.18,-0.75,18.01,-5.05,1,4.6,STEER LEFT (CLEAR CORRIDOR),CAUTION,7.0,50
306,10.21,-0.75,18.01,-5.08,1,5.6,STEER LEFT (CLEAR CORRIDOR),CAUTION,7.0,50
307,10.24,-0.75,18.01,-5.1,0,6.3,STEER LEFT (CLEAR CORRIDOR),CAUTION,7.0,50
308,10.28,-0.75,18.03,-5.13,0,6.9,STEER LEFT (CLEAR CORRIDOR),CAUTION,7.0,50
309,10.31,-0.75,18.03,-5.14,0,7.4,STEER LEFT (CLEAR CORRIDOR),CAUTION,6.9,50
310,10.34,-0.75,18.03,-5.16,0,7.7,STEER LEFT (CLEAR CORRIDOR),CAUTION,7.0,50
311,10.38,-0.75,18.04,-5.2,0,6.0,SLOW DOWN,CAUTION,7.0,50
312,10.41,-0.75,18.04,-5.2,0,6.7,STEER LEFT (CLEAR CORRIDOR),CAUTION,7.0,50
313,10.44,-0.75,18.04,-5.24,0,5.2,SLOW DOWN,CAUTION,6.9,50
314,10.48,-0.82,18.55,-9.82,15,4.1,SLOW DOWN,CAUTION,7.1,47
315,10.51,-0.82,18.55,-9.85,9,3.2,SLOW DOWN,CAUTION,7.1,20
316,10.54,-0.82,18.6,-9.93,8,4.5,STEER LEFT (CLEAR CORRIDOR),CAUTION,6.9,112
317,10.58,-0.83,18.65,-10.03,7,0.4,STEER RIGHT (HAZARD AHEAD),CRITICAL,5.5,110
318,10.61,-0.85,18.71,-9.83,7,-2.8,STEER RIGHT (HAZARD AHEAD),CRITICAL,5.5,108
319,10.64,-0.85,18.74,-9.81,6,-5.2,STEER RIGHT (HAZARD AHEAD),CRITICAL,5.5,107
320,10.68,-0.86,18.8,-9.4,6,-7.2,STEER RIGHT (HAZARD AHEAD),CRITICAL,5.5,104
321,10.71,-0.87,18.84,-9.39,6,-8.7,STEER RIGHT (HAZARD AHEAD),CRITICAL,5.6,94
322,10.74,-0.87,18.88,-9.48,5,-9.8,STEER RIGHT (HAZARD AHEAD),CRITICAL,5.6,93
323,10.78,-0.88,18.93,-9.62,5,-10.8,STEER RIGHT (HAZARD AHEAD),CRITICAL,5.6,93
324,10.81,-0.89,18.98,-9.79,5,-11.5,STEER RIGHT (HAZARD AHEAD),CRITICAL,5.7,91
325,10.84,-0.9,19.01,-9.72,5,-12.0,STEER RIGHT (HAZARD AHEAD),CRITICAL,5.7,91
326,10.88,-0.91,19.06,-9.83,5,-12.5,STEER RIGHT (HAZARD AHEAD),CRITICAL,5.7,89
327,10.91,-0.91,19.11,-9.91,5,-12.8,STEER RIGHT (HAZARD AHEAD),CRITICAL,6.0,84
328,10.94,-0.92,19.15,-9.96,5,-13.1,STEER RIGHT (HAZARD AHEAD),CRITICAL,6.0,84
329,10.98,-0.93,19.2,-10.04,5,-13.3,STEER RIGHT (HAZARD AHEAD),CRITICAL,6.0,84
330,11.01,-0.94,19.25,-10.0,5,-13.4,STEER RIGHT (HAZARD AHEAD),CRITICAL,6.0,84
331,11.04,-0.94,19.28,-10.09,5,-13.6,STEER RIGHT (HAZARD AHEAD),CRITICAL,5.9,84
332,11.08,-0.95,19.31,-10.18,4,-13.7,STEER RIGHT (HAZARD AHEAD),CRITICAL,5.9,81
333,11.11,-0.95,19.32,-10.18,4,-13.7,STEER RIGHT (HAZARD AHEAD),CRITICAL,5.9,80
334,11.14,-0.96,19.37,-10.41,4,-13.8,STEER RIGHT (HAZARD AHEAD),CRITICAL,5.9,80
335,11.18,-0.97,19.42,-10.52,4,-13.8,STEER RIGHT (HAZARD AHEAD),CRITICAL,5.9,80
336,11.21,-0.98,19.47,-10.69,5,-13.9,STEER RIGHT (HAZARD AHEAD),CRITICAL,5.9,80
337,11.24,-0.99,19.55,-10.74,6,-13.9,STEER RIGHT (HAZARD AHEAD),CRITICAL,5.9,78
338,11.28,-1.0,19.58,-10.91,5,-13.9,STEER RIGHT (HAZARD AHEAD),CRITICAL,5.9,77
339,11.31,-1.01,19.66,-10.99,6,-13.9,STEER RIGHT (HAZARD AHEAD),CRITICAL,5.8,77
340,11.34,-1.03,19.73,-11.23,7,-14.0,STEER RIGHT (HAZARD AHEAD),CRITICAL,5.3,76
341,11.38,-1.05,19.84,-11.42,8,-14.0,STEER RIGHT (HAZARD AHEAD),CRITICAL,5.3,76
342,11.41,-1.07,19.92,-11.68,8,-14.0,STEER RIGHT (HAZARD AHEAD),CRITICAL,5.3,75
343,11.44,-1.08,19.97,-11.8,8,-14.0,STEER RIGHT (HAZARD AHEAD),CRITICAL,5.9,72
344,11.48,-1.09,20.02,-11.88,7,-14.0,STEER RIGHT (HAZARD AHEAD),CRITICAL,6.0,72
345,11.51,-1.1,20.1,-11.95,7,-14.0,STEER RIGHT (HAZARD AHEAD),CRITICAL,6.0,72
346,11.54,-1.11,20.13,-12.2,6,-7.8,STEER LEFT (HAZARD AHEAD),CRITICAL,6.0,71
347,11.58,-1.12,20.16,-12.24,5,-6.1,MAINTAIN COURSE (PATH CLEAR),NORMAL,99.0,69
348,11.61,-1.12,20.19,-12.41,5,-4.7,MAINTAIN COURSE (PATH CLEAR),NORMAL,99.0,69
349,11.64,-1.13,20.23,-12.6,5,-3.7,MAINTAIN COURSE (PATH CLEAR),NORMAL,99.0,68
350,11.68,-1.14,20.28,-12.65,5,-2.9,MAINTAIN COURSE (PATH CLEAR),NORMAL,99.0,68
351,11.71,-1.16,20.35,-12.73,6,-2.3,MAINTAIN COURSE (PATH CLEAR),NORMAL,99.0,68
352,11.75,-1.17,20.39,-12.84,5,-1.8,MAINTAIN COURSE (PATH CLEAR),NORMAL,99.0,67
353,11.78,-1.18,20.43,-13.03,5,-3.3,STEER RIGHT (CLEAR CORRIDOR),CAUTION,7.2,62
354,11.81,-1.19,20.48,-13.09,5,-4.5,STEER RIGHT (CLEAR CORRIDOR),CAUTION,7.2,62
355,11.85,-1.2,20.53,-13.12,5,-5.5,STEER RIGHT (CLEAR CORRIDOR),CAUTION,7.1,62
356,11.88,-1.21,20.58,-13.21,5,-2.3,STEER LEFT (CLEAR CORRIDOR),CAUTION,7.0,61
357,11.91,-1.22,20.61,-13.32,5,-3.8,STEER RIGHT (CLEAR CORRIDOR),CAUTION,6.9,60
358,11.95,-1.23,20.64,-13.39,4,-3.0,SLOW DOWN,CAUTION,6.9,60
359,11.98,-1.24,20.7,-13.43,5,-2.3,SLOW DOWN,CAUTION,7.2,59
360,12.01,-1.26,20.8,-13.59,7,0.1,STEER LEFT (CLEAR CORRIDOR),CAUTION,7.3,59
361,12.05,-1.27,20.83,-13.79,6,2.0,STEER LEFT (CLEAR CORRIDOR),CAUTION,7.3,58
362,12.08,-1.3,20.93,-13.97,7,3.5,STEER LEFT (CLEAR CORRIDOR),CAUTION,7.3,55
363,12.11,-1.31,20.99,-14.73,7,4.7,STEER LEFT (CLEAR CORRIDOR),CAUTION,7.4,55
364,12.15,-1.33,21.06,-14.38,7,5.6,STEER LEFT (CLEAR CORRIDOR),CAUTION,7.5,55
365,12.18,-1.36,21.16,-14.48,8,6.3,STEER LEFT (CLEAR CORRIDOR),CAUTION,7.5,55
366,12.21,-1.37,21.2,-16.16,7,8.0,STEER LEFT (HAZARD AHEAD),CRITICAL,4.0,55
367,12.25,-1.38,21.23,-16.94,6,9.3,STEER LEFT (HAZARD AHEAD),CRITICAL,4.0,54
368,12.28,-1.41,21.32,-17.1,8,10.3,STEER LEFT (HAZARD AHEAD),CRITICAL,4.0,54
369,12.31,-1.42,21.38,-17.29,7,10.0,STEER LEFT (CLEAR CORRIDOR),CAUTION,7.5,54
370,12.35,-1.44,21.42,-17.46,6,9.7,STEER LEFT (CLEAR CORRIDOR),CAUTION,7.5,54
371,12.38,-1.45,21.47,-17.54,6,9.5,STEER LEFT (CLEAR CORRIDOR),CAUTION,7.5,54
372,12.41,-1.46,21.49,-17.69,5,9.3,STEER LEFT (CLEAR CORRIDOR),CAUTION,7.5,53
373,12.45,-1.52,21.7,-17.85,10,9.2,STEER LEFT (CLEAR CORRIDOR),CAUTION,7.1,46
374,12.48,-1.53,21.72,-18.0,8,9.2,STEER LEFT (CLEAR CORRIDOR),CAUTION,7.1,46
375,12.51,-1.54,21.75,-19.43,7,9.1,STEER LEFT (CLEAR CORRIDOR),CAUTION,7.1,45
376,12.55,-1.55,21.76,-19.03,5,5.2,STEER RIGHT (CLEAR CORRIDOR),CAUTION,7.7,44
377,12.58,-1.55,21.79,-18.77,5,7.2,STEER LEFT (HAZARD AHEAD),CRITICAL,4.1,44
378,12.61,-1.56,21.8,-18.61,4,2.5,STEER RIGHT (HAZARD AHEAD),CRITICAL,4.1,44
379,12.65,-1.57,21.83,-18.77,4,5.0,STEER LEFT (HAZARD AHEAD),CRITICAL,4.1,43
380,12.68,-1.57,21.83,-18.83,2,0.8,STEER RIGHT (HAZARD AHEAD),CRITICAL,4.1,43
381,12.71,-1.58,21.86,-18.88,2,-1.2,STEER RIGHT (CLEAR CORRIDOR),CAUTION,7.6,43
382,12.75,-1.59,21.9,-18.94,3,2.1,STEER LEFT (HAZARD AHEAD),CRITICAL,4.0,43
383,12.78,-1.6,21.91,-19.0,3,-1.4,STEER RIGHT (HAZARD AHEAD),CRITICAL,4.0,42
384,12.81,-1.6,21.93,-18.96,2,-4.2,STEER RIGHT (HAZARD AHEAD),CRITICAL,4.0,42
385,12.85,-1.6,21.93,-19.04,1,-6.4,STEER RIGHT (HAZARD AHEAD),CRITICAL,4.0,42
386,12.88,-1.6,21.93,-19.1,1,-6.9,STEER RIGHT (CLEAR CORRIDOR),CAUTION,7.6,42
387,12.91,-1.6,21.93,-19.2,1,-7.3,STEER RIGHT (CLEAR CORRIDOR),CAUTION,7.6,42
388,12.95,-1.6,21.93,-19.28,0,-7.6,STEER RIGHT (CLEAR CORRIDOR),CAUTION,7.6,42
389,12.98,-1.6,21.93,-19.33,0,-5.9,MAINTAIN COURSE (PATH CLEAR),NORMAL,99.0,41
390,13.01,-1.6,21.93,-19.73,0,-4.6,MAINTAIN COURSE (PATH CLEAR),NORMAL,99.0,41
391,13.05,-1.61,21.95,-20.03,1,-3.5,MAINTAIN COURSE (PATH CLEAR),NORMAL,99.0,40
392,13.08,-1.61,21.95,-18.74,0,-5.8,STEER RIGHT (HAZARD AHEAD),CRITICAL,4.5,40
393,13.11,-1.61,21.95,-18.92,0,-7.6,STEER RIGHT (HAZARD AHEAD),CRITICAL,4.5,40
394,13.15,-1.61,21.95,-19.0,0,-9.0,STEER RIGHT (HAZARD AHEAD),CRITICAL,4.1,40
395,13.18,-1.61,21.97,-15.96,1,-10.1,STEER RIGHT (HAZARD AHEAD),CRITICAL,4.1,40
396,13.21,-1.61,21.97,-16.06,0,-11.0,STEER RIGHT (HAZARD AHEAD),CRITICAL,4.1,39
397,13.25,-1.63,22.01,-16.09,2,-10.5,STEER RIGHT (CLEAR CORRIDOR),CAUTION,7.7,158
398,13.28,-1.64,22.05,-16.18,2,-10.0,STEER RIGHT (CLEAR CORRIDOR),CAUTION,7.7,148
399,13.31,-1.66,22.12,-16.22,4,-9.7,STEER RIGHT (CLEAR CORRIDOR),CAUTION,7.6,146
400,13.35,-1.68,22.19,-16.28,5,-9.5,STEER RIGHT (CLEAR CORRIDOR),CAUTION,7.6,142
401,13.38,-1.7,22.25,-16.37,6,-9.3,STEER RIGHT (CLEAR CORRIDOR),CAUTION,7.6,135
402,13.41,-1.71,22.29,-16.64,5,-9.2,STEER RIGHT (CLEAR CORRIDOR),CAUTION,7.5,126
403,13.45,-1.72,22.32,-16.56,5,-9.1,STEER RIGHT (CLEAR CORRIDOR),CAUTION,7.5,119
404,13.48,-1.72,22.34,-16.25,4,-9.0,STEER RIGHT (CLEAR CORRIDOR),CAUTION,7.6,113
405,13.51,-1.73,22.36,-16.52,3,-8.9,STEER RIGHT (CLEAR CORRIDOR),CAUTION,7.6,107
406,13.55,-1.74,22.38,-16.59,3,-8.9,STEER RIGHT (CLEAR CORRIDOR),CAUTION,7.6,105
407,13.58,-1.74,22.4,-16.38,3,-8.8,STEER RIGHT (CLEAR CORRIDOR),CAUTION,7.6,103
408,13.61,-1.75,22.43,-17.67,3,-8.8,STEER RIGHT (CLEAR CORRIDOR),CAUTION,7.5,101
409,13.65,-1.76,22.45,-15.93,3,-8.8,STEER RIGHT (CLEAR CORRIDOR),CAUTION,7.6,100
410,13.68,-1.76,22.47,-15.82,3,-8.8,STEER RIGHT (CLEAR CORRIDOR),CAUTION,7.5,99
411,13.71,-1.77,22.49,-15.6,3,-8.7,STEER RIGHT (CLEAR CORRIDOR),CAUTION,7.5,98
412,13.75,-1.77,22.51,-15.64,2,-8.7,STEER RIGHT (CLEAR CORRIDOR),CAUTION,7.4,97
413,13.78,-1.78,22.52,-17.61,2,-8.8,STEER RIGHT (CLEAR CORRIDOR),CAUTION,7.4,95
414,13.81,-1.79,22.57,-17.65,3,-8.8,STEER RIGHT (CLEAR CORRIDOR),CAUTION,7.4,95
415,13.85,-1.8,22.59,-17.75,3,-8.7,STEER RIGHT (CLEAR CORRIDOR),CAUTION,7.5,93
416,13.88,-1.8,22.6,-17.82,2,-8.8,STEER RIGHT (CLEAR CORRIDOR),CAUTION,7.4,93
417,13.91,-1.81,22.62,-17.88,2,-8.8,STEER RIGHT (CLEAR CORRIDOR),CAUTION,7.4,93
418,13.95,-1.82,22.65,-17.94,3,-8.7,STEER RIGHT (CLEAR CORRIDOR),CAUTION,7.5,92
419,13.98,-1.83,22.68,-17.95,3,-8.7,STEER RIGHT (CLEAR CORRIDOR),CAUTION,7.6,92
420,14.01,-1.83,22.69,-17.98,2,-8.7,STEER RIGHT (CLEAR CORRIDOR),CAUTION,7.6,91
421,14.05,-1.84,22.72,-18.02,3,-8.7,STEER RIGHT (CLEAR CORRIDOR),CAUTION,7.6,91
422,14.08,-1.85,22.75,-18.03,3,-6.8,MAINTAIN COURSE (PATH CLEAR),NORMAL,99.0,91
423,14.11,-1.86,22.77,-17.24,3,-5.2,MAINTAIN COURSE (PATH CLEAR),NORMAL,99.0,90
424,14.15,-1.87,22.8,-17.49,3,-4.0,MAINTAIN COURSE (PATH CLEAR),NORMAL,99.0,89
425,14.18,-1.87,22.82,-17.5,3,-3.0,MAINTAIN COURSE (PATH CLEAR),NORMAL,99.0,88
426,14.21,-1.88,22.85,-16.93,3,-5.5,STEER RIGHT (HAZARD AHEAD),CRITICAL,4.1,87
427,14.25,-1.89,22.86,-17.17,3,-7.3,STEER RIGHT (HAZARD AHEAD),CRITICAL,4.1,85
428,14.28,-1.89,22.88,-17.41,2,-8.8,STEER RIGHT (HAZARD AHEAD),CRITICAL,4.1,85
429,14.31,-1.9,22.9,-17.4,2,-9.9,STEER RIGHT (HAZARD AHEAD),CRITICAL,4.1,84
430,14.35,-1.9,22.92,-17.43,2,-10.8,STEER RIGHT (HAZARD AHEAD),CRITICAL,4.1,84
431,14.38,-1.91,22.94,-17.51,2,-11.5,STEER RIGHT (HAZARD AHEAD),CRITICAL,4.1,83
432,14.41,-1.92,22.96,-13.84,2,-12.1,STEER RIGHT (HAZARD AHEAD),CRITICAL,4.1,83
433,14.45,-1.92,22.99,-14.15,3,-12.5,STEER RIGHT (HAZARD AHEAD),CRITICAL,4.1,80
434,14.48,-1.93,23.02,-14.4,3,-12.8,STEER RIGHT (HAZARD AHEAD),CRITICAL,4.1,80
435,14.51,-1.94,23.05,-14.58,3,-13.1,STEER RIGHT (HAZARD AHEAD),CRITICAL,4.1,80
436,14.55,-1.94,23.07,-14.09,3,-13.3,STEER RIGHT (HAZARD AHEAD),CRITICAL,4.1,80
437,14.58,-1.95,23.11,-14.07,3,-13.4,STEER RIGHT (HAZARD AHEAD),CRITICAL,4.1,80
438,14.61,-1.96,23.14,-14.06,3,-13.6,STEER RIGHT (HAZARD AHEAD),CRITICAL,4.1,79
439,14.65,-1.97,23.16,-13.17,3,-13.7,STEER RIGHT (HAZARD AHEAD),CRITICAL,4.1,78
440,14.68,-1.97,23.19,-13.17,3,-13.7,STEER RIGHT (HAZARD AHEAD),CRITICAL,4.1,75
441,14.71,-1.98,23.22,-13.04,3,-13.8,STEER RIGHT (HAZARD AHEAD),CRITICAL,6.5,75
442,14.75,-1.99,23.25,-13.03,3,-13.8,STEER RIGHT (HAZARD AHEAD),CRITICAL,6.4,74
443,14.78,-2.0,23.29,-13.01,3,-7.7,STEER LEFT (HAZARD AHEAD),CRITICAL,6.3,73
444,14.81,-2.0,23.31,-12.98,3,-2.9,STEER LEFT (HAZARD AHEAD),CRITICAL,6.2,73
445,14.85,-2.01,23.34,-13.06,3,0.8,STEER LEFT (HAZARD AHEAD),CRITICAL,6.2,73
446,14.88,-2.02,23.38,-13.03,4,3.7,STEER LEFT (HAZARD AHEAD),CRITICAL,5.8,73
447,14.91,-2.03,23.42,-13.12,4,-0.2,STEER RIGHT (HAZARD AHEAD),CRITICAL,4.1,73
448,14.95,-2.03,23.45,-13.16,4,2.9,STEER LEFT (HAZARD AHEAD),CRITICAL,4.1,72
449,14.98,-2.04,23.49,-13.11,4,-0.8,STEER RIGHT (HAZARD AHEAD),CRITICAL,4.1,68
450,15.02,-2.05,23.53,-13.07,4,-3.7,STEER RIGHT (HAZARD AHEAD),CRITICAL,5.8,68
451,15.05,-2.06,23.57,-13.0,4,0.2,STEER LEFT (HAZARD AHEAD),CRITICAL,5.7,68
452,15.08,-2.07,23.62,-12.96,5,3.2,STEER LEFT (HAZARD AHEAD),CRITICAL,5.6,68
453,15.12,-2.08,23.66,-12.92,5,5.6,STEER LEFT (HAZARD AHEAD),CRITICAL,5.6,66
454,15.15,-2.09,23.71,-13.16,5,7.4,STEER LEFT (HAZARD AHEAD),CRITICAL,5.6,65
455,15.18,-2.1,23.76,-13.14,5,8.9,STEER LEFT (HAZARD AHEAD),CRITICAL,4.0,64
456,15.22,-2.12,23.8,-13.11,5,10.0,STEER LEFT (HAZARD AHEAD),CRITICAL,4.0,63
457,15.25,-2.13,23.86,-12.96,5,10.9,STEER LEFT (HAZARD AHEAD),CRITICAL,4.0,62
458,15.28,-2.14,23.91,-12.79,5,5.4,STEER RIGHT (HAZARD AHEAD),CRITICAL,4.0,62
459,15.32,-2.15,23.97,-12.71,6,1.1,STEER RIGHT (HAZARD AHEAD),CRITICAL,4.0,62
460,15.35,-2.17,24.04,-12.68,6,4.0,STEER LEFT (HAZARD AHEAD),CRITICAL,4.0,62
461,15.38,-2.18,24.11,-11.97,7,6.2,STEER LEFT (HAZARD AHEAD),CRITICAL,4.0,60
462,15.42,-2.19,24.14,-11.85,6,4.8,MAINTAIN COURSE (PATH CLEAR),NORMAL,99.0,55
463,15.45,-2.19,24.16,-11.83,5,3.8,MAINTAIN COURSE (PATH CLEAR),NORMAL,99.0,41
464,15.48,-2.22,24.26,-11.87,7,2.9,MAINTAIN COURSE (PATH CLEAR),NORMAL,99.0,34
465,15.52,-2.23,24.33,-11.84,7,5.3,STEER LEFT (HAZARD AHEAD),CRITICAL,6.0,158
466,15.55,-2.24,24.39,-11.86,7,1.1,STEER RIGHT (HAZARD AHEAD),CRITICAL,6.0,152
467,15.58,-2.26,24.46,-11.82,7,-2.2,STEER RIGHT (HAZARD AHEAD),CRITICAL,5.8,139
468,15.62,-2.27,24.53,-11.83,7,1.3,STEER LEFT (HAZARD AHEAD),CRITICAL,5.6,128
469,15.65,-2.28,24.59,-11.79,7,-2.0,STEER RIGHT (HAZARD AHEAD),CRITICAL,5.6,122
470,15.68,-2.29,24.63,-11.74,6,1.5,STEER LEFT (HAZARD AHEAD),CRITICAL,5.7,119
471,15.72,-2.3,24.69,-11.71,6,4.2,STEER LEFT (HAZARD AHEAD),CRITICAL,5.7,116
472,15.75,-2.32,24.75,-11.63,7,6.4,STEER LEFT (HAZARD AHEAD),CRITICAL,5.7,116
473,15.78,-2.33,24.8,-11.61,6,8.1,STEER LEFT (HAZARD AHEAD),CRITICAL,5.8,109
474,15.82,-2.34,24.87,-11.77,7,9.4,STEER LEFT (HAZARD AHEAD),CRITICAL,5.8,108
475,15.85,-2.35,24.93,-11.75,7,10.4,STEER LEFT (HAZARD AHEAD),CRITICAL,5.8,106
476,15.88,-2.37,25.0,-11.69,7,8.0,MAINTAIN COURSE (PATH CLEAR),NORMAL,99.0,106
477,15.92,-2.38,25.04,-11.77,6,6.3,MAINTAIN COURSE (PATH CLEAR),NORMAL,99.0,103
478,15.95,-2.39,25.09,-11.75,6,4.9,MAINTAIN COURSE (PATH CLEAR),NORMAL,99.0,98
479,15.98,-2.4,25.12,-11.58,5,3.8,MAINTAIN COURSE (PATH CLEAR),NORMAL,99.0,96
480,16.02,-2.4,25.15,-11.59,5,6.0,STEER LEFT (HAZARD AHEAD),CRITICAL,5.7,91
481,16.05,-2.41,25.17,-11.59,4,7.8,STEER LEFT (HAZARD AHEAD),CRITICAL,5.7,89
482,16.08,-2.42,25.22,-11.57,4,9.1,STEER LEFT (HAZARD AHEAD),CRITICAL,4.1,86
483,16.12,-2.42,25.24,-11.54,4,10.2,STEER LEFT (HAZARD AHEAD),CRITICAL,4.1,85
484,16.15,-2.43,25.27,-11.53,4,4.9,STEER RIGHT (HAZARD AHEAD),CRITICAL,4.1,83
485,16.18,-2.43,25.29,-11.53,3,0.7,STEER RIGHT (HAZARD AHEAD),CRITICAL,4.1,78
486,16.22,-2.44,25.32,-11.51,3,-2.5,STEER RIGHT (HAZARD AHEAD),CRITICAL,4.1,78
487,16.25,-2.46,25.43,-11.52,6,-5.0,STEER RIGHT (HAZARD AHEAD),CRITICAL,4.0,76
488,16.28,-2.48,25.52,-11.5,7,-7.0,STEER RIGHT (HAZARD AHEAD),CRITICAL,4.0,74
489,16.32,-2.48,25.55,-11.5,6,-8.5,STEER RIGHT (HAZARD AHEAD),CRITICAL,4.0,73
490,16.35,-2.49,25.59,-11.48,6,-9.7,STEER RIGHT (HAZARD AHEAD),CRITICAL,4.0,73
491,16.38,-2.5,25.65,-11.73,6,-10.7,STEER RIGHT (HAZARD AHEAD),CRITICAL,4.0,69
492,16.42,-2.51,25.69,-11.7,5,-11.4,STEER RIGHT (HAZARD AHEAD),CRITICAL,4.0,68
493,16.45,-2.52,25.74,-11.79,5,-12.0,STEER RIGHT (HAZARD AHEAD),CRITICAL,4.0,67
494,16.48,-2.53,25.77,-11.62,5,-12.4,STEER RIGHT (HAZARD AHEAD),CRITICAL,4.0,67
495,16.52,-2.54,25.81,-11.6,5,-9.6,MAINTAIN COURSE (PATH CLEAR),NORMAL,99.0,66
496,16.55,-2.54,25.84,-11.6,4,-7.5,MAINTAIN COURSE (PATH CLEAR),NORMAL,99.0,63
497,16.58,-2.55,25.86,-11.58,4,-5.7,MAINTAIN COURSE (PATH CLEAR),NORMAL,99.0,61
498,16.62,-2.55,25.88,-11.51,3,-4.4,MAINTAIN COURSE (PATH CLEAR),NORMAL,99.0,60
499,16.65,-2.55,25.88,-11.47,2,-3.3,MAINTAIN COURSE (PATH CLEAR),NORMAL,99.0,59
500,16.68,-2.56,25.93,-11.46,3,-2.4,MAINTAIN COURSE (PATH CLEAR),NORMAL,99.0,57
501,16.72,-2.57,25.98,-11.43,4,-1.7,MAINTAIN COURSE (PATH CLEAR),NORMAL,99.0,56
502,16.75,-2.59,26.07,-11.28,6,0.0,MAINTAIN COURSE (PATH CLEAR),NORMAL,99.0,55
503,16.78,-2.6,26.12,-11.25,5,0.0,MAINTAIN COURSE (PATH CLEAR),NORMAL,99.0,54
504,16.82,-2.61,26.18,-11.23,6,0.0,MAINTAIN COURSE (PATH CLEAR),NORMAL,99.0,53
505,16.85,-2.61,26.2,-11.22,5,-3.5,STEER RIGHT (HAZARD AHEAD),CRITICAL,4.0,51
506,16.88,-2.64,26.31,-11.23,7,-5.8,STEER RIGHT (HAZARD AHEAD),CRITICAL,4.0,50
507,16.92,-2.65,26.35,-11.24,6,-7.6,STEER RIGHT (HAZARD AHEAD),CRITICAL,4.0,48
508,16.95,-2.65,26.36,-11.32,5,-9.0,STEER RIGHT (HAZARD AHEAD),CRITICAL,4.0,48
509,16.98,-2.66,26.42,-11.41,5,-10.1,STEER RIGHT (HAZARD AHEAD),CRITICAL,4.0,44
510,17.02,-2.67,26.49,-11.39,6,-11.0,STEER RIGHT (HAZARD AHEAD),CRITICAL,4.0,42
511,17.05,-2.67,26.49,-11.4,3,-11.6,STEER RIGHT (HAZARD AHEAD),CRITICAL,4.0,42
512,17.08,-2.67,26.49,-11.38,2,-12.2,STEER RIGHT (HAZARD AHEAD),CRITICAL,4.0,41
513,17.12,-2.68,26.5,-11.37,2,-12.6,STEER RIGHT (HAZARD AHEAD),CRITICAL,4.0,41
514,17.15,-2.68,26.52,-11.34,2,-12.9,STEER RIGHT (HAZARD AHEAD),CRITICAL,4.0,41
515,17.18,-2.68,26.52,-12.07,1,-13.1,STEER RIGHT (HAZARD AHEAD),CRITICAL,4.0,41
516,17.22,-2.68,26.54,-12.09,2,-13.3,STEER RIGHT (HAZARD AHEAD),CRITICAL,4.0,41
517,17.25,-2.71,26.66,-12.09,5,-13.5,STEER RIGHT (HAZARD AHEAD),CRITICAL,4.0,41
518,17.28,-2.71,26.66,-12.07,3,-13.6,STEER RIGHT (HAZARD AHEAD),CRITICAL,4.0,41
519,17.32,-2.71,26.66,-12.06,2,-13.7,STEER RIGHT (HAZARD AHEAD),CRITICAL,4.0,41
520,17.35,-2.72,26.7,-12.04,3,-13.7,STEER RIGHT (HAZARD AHEAD),CRITICAL,4.0,41
521,17.38,-2.72,26.7,-12.03,2,-13.8,STEER RIGHT (HAZARD AHEAD),CRITICAL,4.0,41
522,17.42,-2.72,26.72,-12.04,2,-13.8,STEER RIGHT (HAZARD AHEAD),CRITICAL,4.0,41
523,17.45,-2.72,26.72,-12.06,1,-13.9,STEER RIGHT (HAZARD AHEAD),CRITICAL,4.0,40
524,17.48,-2.73,26.74,-12.1,1,-13.9,STEER RIGHT (HAZARD AHEAD),CRITICAL,4.0,40
525,17.52,-2.74,26.78,-11.71,2,-13.9,STEER RIGHT (HAZARD AHEAD),CRITICAL,4.0,40
526,17.55,-2.74,26.82,-11.74,3,-13.9,STEER RIGHT (HAZARD AHEAD),CRITICAL,4.0,40
527,17.58,-2.75,26.84,-11.74,3,-14.0,STEER RIGHT (HAZARD AHEAD),CRITICAL,4.0,38
528,17.62,-2.75,26.88,-12.02,3,-14.0,STEER RIGHT (HAZARD AHEAD),CRITICAL,4.0,157
529,17.65,-2.76,26.91,-12.0,3,-14.0,STEER RIGHT (HAZARD AHEAD),CRITICAL,4.0,155
530,17.68,-2.77,26.95,-12.09,4,-14.0,STEER RIGHT (HAZARD AHEAD),CRITICAL,4.0,147
531,17.72,-2.78,27.01,-11.87,4,-14.0,STEER RIGHT (HAZARD AHEAD),CRITICAL,4.0,141
532,17.75,-2.79,27.06,-12.14,5,-14.0,STEER RIGHT (HAZARD AHEAD),CRITICAL,4.0,132
533,17.78,-2.8,27.08,-12.15,4,-14.0,STEER RIGHT (HAZARD AHEAD),CRITICAL,4.0,120
534,17.82,-2.81,27.12,-12.03,4,-14.0,STEER RIGHT (HAZARD AHEAD),CRITICAL,4.0,117
535,17.85,-2.81,27.15,-12.58,4,-14.0,STEER RIGHT (HAZARD AHEAD),CRITICAL,4.0,106
536,17.88,-2.82,27.18,-12.49,4,-14.0,STEER RIGHT (HAZARD AHEAD),CRITICAL,4.0,103
537,17.92,-2.83,27.21,-12.49,4,-14.0,STEER RIGHT (HAZARD AHEAD),CRITICAL,4.0,100
538,17.95,-2.83,27.24,-13.01,4,-14.0,STEER RIGHT (HAZARD AHEAD),CRITICAL,4.0,100
539,17.98,-2.84,27.26,-13.01,3,-10.9,SLOW DOWN,CAUTION,7.7,94
540,18.02,-2.85,27.29,-13.01,3,-8.5,SLOW DOWN,CAUTION,7.7,94
541,18.05,-2.86,27.34,-12.86,4,-6.6,MAINTAIN COURSE (PATH CLEAR),NORMAL,99.0,93
542,18.08,-2.86,27.36,-12.72,3,-5.0,MAINTAIN COURSE (PATH CLEAR),NORMAL,99.0,93
543,18.12,-2.87,27.39,-12.71,3,-3.8,MAINTAIN COURSE (PATH CLEAR),NORMAL,99.0,90
544,18.15,-2.88,27.43,-13.8,4,-2.9,MAINTAIN COURSE (PATH CLEAR),NORMAL,99.0,86
545,18.18,-2.88,27.46,-13.55,4,-2.3,SLOW DOWN,CAUTION,7.8,86
546,18.22,-2.89,27.49,-13.57,4,-4.9,STEER RIGHT (HAZARD AHEAD),CRITICAL,4.0,85
547,18.25,-2.9,27.51,-13.54,3,-6.9,STEER RIGHT (HAZARD AHEAD),CRITICAL,4.0,82
548,18.28,-2.9,27.53,-13.58,3,-2.3,STEER LEFT (HAZARD AHEAD),CRITICAL,4.0,81
549,18.32,-2.91,27.55,-13.54,3,-4.9,STEER RIGHT (HAZARD AHEAD),CRITICAL,4.0,78
550,18.35,-2.91,27.57,-13.53,3,-6.9,STEER RIGHT (HAZARD AHEAD),CRITICAL,4.0,75
551,18.39,-2.91,27.58,-13.53,2,-8.4,STEER RIGHT (HAZARD AHEAD),CRITICAL,4.0,69
552,18.42,-2.92,27.61,-13.53,3,-9.7,STEER RIGHT (HAZARD AHEAD),CRITICAL,4.1,63
553,18.45,-2.92,27.61,-13.53,2,-7.5,SLOW DOWN,CAUTION,7.7,56
554,18.49,-2.92,27.61,-13.53,1,-5.9,SLOW DOWN,CAUTION,7.7,52
555,18.52,-2.92,27.62,-13.56,1,-4.6,SLOW DOWN,CAUTION,7.7,46
556,18.55,-2.93,27.63,-13.57,1,-3.6,SLOW DOWN,CAUTION,7.7,46
557,18.59,-2.93,27.63,-13.56,1,-2.8,SLOW DOWN,CAUTION,7.7,45
558,18.62,-2.93,27.63,-13.59,0,-2.2,SLOW DOWN,CAUTION,7.7,45
559,18.65,-2.93,27.63,-13.59,0,-1.7,SLOW DOWN,CAUTION,7.7,45
560,18.69,-2.93,27.64,-13.58,0,-1.3,SLOW DOWN,CAUTION,7.8,45
561,18.72,-2.93,27.64,-13.56,0,-1.0,SLOW DOWN,CAUTION,7.8,43
562,18.75,-2.93,27.64,-11.39,0,-0.8,SLOW DOWN,CAUTION,7.8,43
563,18.79,-2.93,27.64,-11.38,0,-0.6,SLOW DOWN,CAUTION,8.1,43
564,18.82,-2.93,27.64,-11.38,0,-2.3,STEER RIGHT (CLEAR CORRIDOR),CAUTION,8.2,43
565,18.85,-2.93,27.64,-11.37,0,-3.6,STEER RIGHT (CLEAR CORRIDOR),CAUTION,8.2,43
566,18.89,-2.93,27.65,-14.22,0,-4.7,STEER RIGHT (CLEAR CORRIDOR),CAUTION,8.1,43
567,18.92,-2.93,27.65,-14.21,0,-5.5,STEER RIGHT (CLEAR CORRIDOR),CAUTION,8.0,42
568,18.95,-2.93,27.65,-14.23,0,-6.1,STEER RIGHT (CLEAR CORRIDOR),CAUTION,8.0,41
569,18.99,-2.93,27.66,-14.21,0,-2.9,STEER LEFT (CLEAR CORRIDOR),CAUTION,8.0,41
570,19.02,-2.93,27.66,-14.2,0,-0.5,STEER LEFT (CLEAR CORRIDOR),CAUTION,8.1,40
571,19.05,-2.93,27.66,-13.44,0,-2.2,STEER RIGHT (CLEAR CORRIDOR),CAUTION,8.1,40
572,19.09,-2.93,27.66,-13.4,0,-3.6,STEER RIGHT (CLEAR CORRIDOR),CAUTION,8.0,39
573,19.12,-2.94,27.7,-13.4,1,-0.9,STEER LEFT (CLEAR CORRIDOR),CAUTION,8.0,156
574,19.15,-2.96,27.77,-13.39,3,-2.6,STEER RIGHT (CLEAR CORRIDOR),CAUTION,8.0,144
575,19.19,-2.97,27.81,-13.25,4,-3.9,STEER RIGHT (CLEAR CORRIDOR),CAUTION,7.9,134
576,19.22,-2.98,27.85,-13.03,3,-4.9,STEER RIGHT (CLEAR CORRIDOR),CAUTION,7.9,128
577,19.25,-2.99,27.89,-13.03,4,-5.8,STEER RIGHT (CLEAR CORRIDOR),CAUTION,7.0,115
578,19.29,-2.99,27.91,-13.34,4,-6.5,STEER RIGHT (CLEAR CORRIDOR),CAUTION,7.0,109
579,19.32,-3.0,27.94,-13.36,4,-7.1,STEER RIGHT (CLEAR CORRIDOR),CAUTION,7.0,104
580,19.35,-3.01,27.98,-14.96,4,-5.5,SLOW DOWN,CAUTION,7.6,102
581,19.39,-3.01,28.0,-14.86,3,-4.3,SLOW DOWN,CAUTION,7.6,93
582,19.42,-3.02,28.03,-14.82,3,-3.3,SLOW DOWN,CAUTION,7.6,88
583,19.45,-3.02,28.04,-14.8,3,-2.6,SLOW DOWN,CAUTION,8.0,82
584,19.49,-3.03,28.07,-14.82,3,-2.0,SLOW DOWN,CAUTION,8.0,77
585,19.52,-3.04,28.09,-14.88,3,-1.6,SLOW DOWN,CAUTION,8.0,75
586,19.55,-3.04,28.11,-15.01,2,-1.2,SLOW DOWN,CAUTION,8.0,72
587,19.59,-3.05,28.12,-15.01,2,-1.0,SLOW DOWN,CAUTION,8.0,70
588,19.62,-3.06,28.16,-15.0,3,-0.8,SLOW DOWN,CAUTION,8.0,68
589,19.65,-3.07,28.2,-15.02,3,-0.6,SLOW DOWN,CAUTION,7.9,64
590,19.69,-3.07,28.21,-15.03,3,-3.5,STEER RIGHT (HAZARD AHEAD),CRITICAL,4.7,64
591,19.72,-3.08,28.24,-14.85,3,-5.8,STEER RIGHT (HAZARD AHEAD),CRITICAL,4.7,62
592,19.75,-3.08,28.25,-14.86,2,-7.6,STEER RIGHT (HAZARD AHEAD),CRITICAL,4.7,55
593,19.79,-3.08,28.25,-14.7,1,-6.0,SLOW DOWN,CAUTION,7.9,55
594,19.82,-3.08,28.25,-14.69,1,-6.5,STEER RIGHT (CLEAR CORRIDOR),CAUTION,8.0,55
595,19.85,-3.08,28.26,-15.49,1,-8.1,STEER RIGHT (HAZARD AHEAD),CRITICAL,4.0,55
596,19.89,-3.09,28.28,-15.48,1,-9.4,STEER RIGHT (HAZARD AHEAD),CRITICAL,4.0,55
597,19.92,-3.09,28.29,-15.46,1,-10.4,STEER RIGHT (HAZARD AHEAD),CRITICAL,4.0,53
598,19.95,-3.1,28.31,-15.45,2,-11.2,STEER RIGHT (HAZARD AHEAD),CRITICAL,4.0,53
599,19.99,-3.11,28.34,-15.41,2,-11.8,STEER RIGHT (HAZARD AHEAD),CRITICAL,4.0,52
600,20.02,-3.11,28.37,-15.46,2,-12.3,STEER RIGHT (HAZARD AHEAD),CRITICAL,4.0,52
601,20.05,-3.12,28.4,-15.46,3,-12.7,STEER RIGHT (HAZARD AHEAD),CRITICAL,4.0,51
602,20.09,-3.13,28.41,-15.47,2,-13.0,STEER RIGHT (HAZARD AHEAD),CRITICAL,4.0,51
603,20.12,-3.13,28.43,-15.46,2,-13.2,STEER RIGHT (HAZARD AHEAD),CRITICAL,4.0,50
604,20.15,-3.13,28.44,-15.46,2,-13.4,STEER RIGHT (HAZARD AHEAD),CRITICAL,4.0,50
605,20.19,-3.14,28.45,-15.42,2,-13.5,STEER RIGHT (HAZARD AHEAD),CRITICAL,4.0,49
606,20.22,-3.14,28.45,-15.43,1,-13.6,STEER RIGHT (HAZARD AHEAD),CRITICAL,4.0,48
607,20.25,-3.14,28.47,-15.53,1,-7.5,STEER LEFT (HAZARD AHEAD),CRITICAL,4.0,48
608,20.29,-3.14,28.48,-15.52,1,-4.0,STEER LEFT (CLEAR CORRIDOR),CAUTION,7.6,48
609,20.32,-3.15,28.49,-15.56,1,-3.1,SLOW DOWN,CAUTION,7.6,48
610,20.35,-3.15,28.5,-15.58,1,-5.5,STEER RIGHT (HAZARD AHEAD),CRITICAL,4.8,48
611,20.39,-3.15,28.51,-15.65,1,-7.4,STEER RIGHT (HAZARD AHEAD),CRITICAL,4.7,48
612,20.42,-3.16,28.54,-15.63,2,-2.7,STEER LEFT (HAZARD AHEAD),CRITICAL,4.7,48
613,20.45,-3.16,28.54,-15.69,1,1.0,STEER LEFT (HAZARD AHEAD),CRITICAL,4.7,47
614,20.49,-3.16,28.55,-15.69,1,-2.3,STEER RIGHT (HAZARD AHEAD),CRITICAL,4.0,47
615,20.52,-3.17,28.57,-15.7,1,1.3,STEER LEFT (HAZARD AHEAD),CRITICAL,4.0,45
616,20.55,-3.17,28.58,-15.73,1,-2.1,STEER RIGHT (HAZARD AHEAD),CRITICAL,4.0,45
617,20.59,-3.17,28.59,-15.71,1,1.5,STEER LEFT (HAZARD AHEAD),CRITICAL,4.0,45
618,20.62,-3.18,28.6,-15.73,1,-1.9,STEER RIGHT (HAZARD AHEAD),CRITICAL,4.0,45
619,20.65,-3.19,28.63,-15.72,2,1.6,STEER LEFT (HAZARD AHEAD),CRITICAL,4.0,42
620,20.69,-3.2,28.68,-15.72,3,-1.9,STEER RIGHT (HAZARD AHEAD),CRITICAL,4.0,41
621,20.72,-3.21,28.73,-16.72,4,-4.5,STEER RIGHT (HAZARD AHEAD),CRITICAL,4.0,39
622,20.75,-3.22,28.76,-16.64,4,-6.6,STEER RIGHT (HAZARD AHEAD),CRITICAL,4.0,155
623,20.79,-3.23,28.78,-16.51,3,-8.2,STEER RIGHT (HAZARD AHEAD),CRITICAL,4.0,139
624,20.82,-3.26,28.88,-16.49,5,-9.5,STEER RIGHT (HAZARD AHEAD),CRITICAL,4.0,132
625,20.85,-3.26,28.9,-16.08,4,-4.3,STEER LEFT (HAZARD AHEAD),CRITICAL,4.0,120
626,20.89,-3.3,29.01,-16.06,7,-0.3,STEER LEFT (HAZARD AHEAD),CRITICAL,4.0,112
627,20.92,-3.35,29.2,-16.03,11,-3.3,STEER RIGHT (HAZARD AHEAD),CRITICAL,4.0,105
628,20.95,-3.38,29.29,-16.01,11,-5.7,STEER RIGHT (HAZARD AHEAD),CRITICAL,4.0,104
629,20.99,-3.39,29.32,-15.98,9,-7.5,STEER RIGHT (HAZARD AHEAD),CRITICAL,4.0,103
630,21.02,-3.39,29.35,-15.95,7,-8.9,STEER RIGHT (HAZARD AHEAD),CRITICAL,4.0,96
631,21.05,-3.4,29.39,-15.95,6,-3.9,STEER LEFT (HAZARD AHEAD),CRITICAL,4.0,95
632,21.09,-3.41,29.41,-15.93,5,0.0,STEER LEFT (HAZARD AHEAD),CRITICAL,4.0,92
633,21.12,-3.42,29.44,-15.91,5,3.1,STEER LEFT (HAZARD AHEAD),CRITICAL,4.0,83
634,21.15,-3.43,29.46,-15.85,4,5.5,STEER LEFT (HAZARD AHEAD),CRITICAL,4.0,78
635,21.19,-3.43,29.49,-17.71,4,1.2,STEER RIGHT (HAZARD AHEAD),CRITICAL,4.0,76
636,21.22,-3.44,29.5,-17.68,3,4.0,STEER LEFT (HAZARD AHEAD),CRITICAL,4.0,74
637,21.25,-3.45,29.52,-20.85,3,0.1,STEER RIGHT (HAZARD AHEAD),CRITICAL,4.0,73
638,21.29,-3.45,29.54,-20.6,3,3.1,STEER LEFT (HAZARD AHEAD),CRITICAL,4.0,73
639,21.32,-3.45,29.54,-20.4,2,5.5,STEER LEFT (HAZARD AHEAD),CRITICAL,4.0,69
640,21.35,-3.46,29.55,-20.39,2,7.4,STEER LEFT (HAZARD AHEAD),CRITICAL,4.0,66
641,21.39,-3.46,29.56,-20.22,2,2.7,STEER RIGHT (HAZARD AHEAD),CRITICAL,4.0,62
642,21.42,-3.47,29.59,-20.18,2,-1.0,STEER RIGHT (HAZARD AHEAD),CRITICAL,4.0,57
643,21.45,-3.48,29.62,-20.15,2,-3.9,STEER RIGHT (HAZARD AHEAD),CRITICAL,4.0,55
644,21.49,-3.49,29.64,-20.13,2,0.1,STEER LEFT (HAZARD AHEAD),CRITICAL,4.0,55
645,21.52,-3.5,29.67,-20.16,3,3.1,STEER LEFT (HAZARD AHEAD),CRITICAL,4.0,55
646,21.55,-3.51,29.7,-20.14,3,5.5,STEER LEFT (HAZARD AHEAD),CRITICAL,4.0,55
647,21.59,-3.52,29.72,-20.04,3,7.4,STEER LEFT (HAZARD AHEAD),CRITICAL,4.0,54
648,21.62,-3.53,29.74,-20.02,3,8.8,STEER LEFT (HAZARD AHEAD),CRITICAL,4.0,53
649,21.65,-3.53,29.76,-19.97,3,10.0,STEER LEFT (HAZARD AHEAD),CRITICAL,4.0,53
650,21.69,-3.55,29.8,-19.96,3,10.9,STEER LEFT (HAZARD AHEAD),CRITICAL,4.0,53
651,21.72,-3.55,29.82,-19.95,3,5.4,STEER RIGHT (HAZARD AHEAD),CRITICAL,4.0,53
652,21.76,-3.56,29.85,-19.78,3,1.1,STEER RIGHT (HAZARD AHEAD),CRITICAL,4.0,51
653,21.79,-3.57,29.86,-19.79,3,-2.2,STEER RIGHT (HAZARD AHEAD),CRITICAL,4.0,49
654,21.82,-3.57,29.86,-19.79,2,-4.8,STEER RIGHT (HAZARD AHEAD),CRITICAL,4.0,45
655,21.86,-3.57,29.86,-19.8,1,-6.8,STEER RIGHT (HAZARD AHEAD),CRITICAL,4.0,44
656,21.89,-3.57,29.86,-19.77,1,-8.4,STEER RIGHT (HAZARD AHEAD),CRITICAL,4.0,43
657,21.92,-3.57,29.86,-19.75,0,-4.6,STEER LEFT (CLEAR CORRIDOR),CAUTION,7.4,43
658,21.96,-3.57,29.86,-19.75,0,-1.7,STEER LEFT (CLEAR CORRIDOR),CAUTION,7.4,43
659,21.99,-3.57,29.86,-19.75,0,-4.4,STEER RIGHT (HAZARD AHEAD),CRITICAL,4.0,41
660,22.02,-3.57,29.86,-19.75,0,-6.5,STEER RIGHT (HAZARD AHEAD),CRITICAL,4.0,39
661,22.06,-3.58,29.88,-19.55,1,-2.0,STEER LEFT (HAZARD AHEAD),CRITICAL,4.0,160
662,22.09,-3.58,29.9,-19.55,1,-4.6,STEER RIGHT (HAZARD AHEAD),CRITICAL,4.0,140
663,22.12,-3.6,29.95,-19.51,2,-6.7,STEER RIGHT (HAZARD AHEAD),CRITICAL,4.0,122
664,22.16,-3.6,29.95,-19.77,1,-2.1,STEER LEFT (HAZARD AHEAD),CRITICAL,4.0,119
665,22.19,-3.61,29.97,-19.96,2,-4.8,STEER RIGHT (HAZARD AHEAD),CRITICAL,4.0,113
666,22.22,-3.62,29.99,-19.94,2,-1.8,STEER LEFT (CLEAR CORRIDOR),CAUTION,7.4,107
667,22.26,-3.62,30.01,-19.95,2,0.5,STEER LEFT (CLEAR CORRIDOR),CAUTION,7.4,104
668,22.29,-3.63,30.03,-19.98,2,2.4,STEER LEFT (CLEAR CORRIDOR),CAUTION,7.4,99
669,22.32,-3.64,30.07,-19.99,3,3.8,STEER LEFT (CLEAR CORRIDOR),CAUTION,7.4,95
670,22.36,-3.66,30.1,-19.96,3,4.9,STEER LEFT (CLEAR CORRIDOR),CAUTION,7.4,91
671,22.39,-3.66,30.12,-19.96,3,5.7,STEER LEFT (CLEAR CORRIDOR),CAUTION,7.4,83
672,22.42,-3.67,30.14,-19.95,3,6.4,STEER LEFT (CLEAR CORRIDOR),CAUTION,7.3,79
673,22.46,-3.68,30.17,-20.21,3,5.0,SLOW DOWN,CAUTION,7.3,76
674,22.49,-3.69,30.19,-20.2,3,5.8,STEER LEFT (CLEAR CORRIDOR),CAUTION,7.3,72
675,22.52,-3.69,30.19,-20.19,2,6.1,STEER LEFT (CLEAR CORRIDOR),CAUTION,10.2,66
676,22.56,-3.69,30.19,-21.52,1,4.8,SLOW DOWN,CAUTION,9.9,59
677,22.59,-3.7,30.22,-21.5,2,2.1,STEER RIGHT (CLEAR CORRIDOR),CAUTION,9.8,54
678,22.62,-3.71,30.24,-21.49,2,3.3,STEER LEFT (CLEAR CORRIDOR),CAUTION,9.8,54
679,22.66,-3.71,30.24,-21.5,1,0.9,STEER RIGHT (CLEAR CORRIDOR),CAUTION,9.8,53
680,22.69,-3.71,30.25,-21.49,1,2.4,STEER LEFT (CLEAR CORRIDOR),CAUTION,9.7,53
681,22.72,-3.73,30.29,-21.49,2,3.5,STEER LEFT (CLEAR CORRIDOR),CAUTION,9.6,53
682,22.76,-3.73,30.31,-21.33,2,-0.4,STEER RIGHT (HAZARD AHEAD),CRITICAL,4.0,51
683,22.79,-3.73,30.31,-21.32,1,-3.4,STEER RIGHT (HAZARD AHEAD),CRITICAL,4.0,50
684,22.82,-3.74,30.33,-21.32,2,-5.7,STEER RIGHT (HAZARD AHEAD),CRITICAL,4.0,49
685,22.86,-3.75,30.36,-21.33,2,-1.4,STEER LEFT (HAZARD AHEAD),CRITICAL,4.0,49
686,22.89,-3.75,30.36,-21.35,1,2.0,STEER LEFT (HAZARD AHEAD),CRITICAL,4.0,48
687,22.92,-3.75,30.36,-21.36,1,-1.5,STEER RIGHT (HAZARD AHEAD),CRITICAL,4.0,48
688,22.96,-3.76,30.37,-25.43,1,-4.3,STEER RIGHT (HAZARD AHEAD),CRITICAL,4.0,47
689,22.99,-3.77,30.39,-25.43,1,-6.4,STEER RIGHT (HAZARD AHEAD),CRITICAL,4.0,45
690,23.02,-3.77,30.39,-25.42,1,-3.4,STEER LEFT (CLEAR CORRIDOR),CAUTION,9.7,45
691,23.06,-3.78,30.41,-25.44,1,-2.6,SLOW DOWN,CAUTION,9.7,45
692,23.09,-3.79,30.43,-25.43,2,1.0,STEER LEFT (HAZARD AHEAD),CRITICAL,4.0,45
693,23.12,-3.8,30.45,-25.43,2,-2.3,STEER RIGHT (HAZARD AHEAD),CRITICAL,4.0,42
694,23.16,-3.8,30.45,-25.42,1,-4.8,STEER RIGHT (HAZARD AHEAD),CRITICAL,4.0,42
695,23.19,-3.81,30.47,-23.49,1,-2.1,STEER LEFT (CLEAR CORRIDOR),CAUTION,9.0,41
696,23.22,-3.82,30.49,-23.52,2,-1.6,SLOW DOWN,CAUTION,9.0,41
697,23.26,-3.82,30.49,-23.52,1,0.5,STEER LEFT (CLEAR CORRIDOR),CAUTION,9.0,40
698,23.29,-3.82,30.49,-18.94,1,0.0,MAINTAIN COURSE (PATH CLEAR),NORMAL,99.0,36
699,23.32,-3.83,30.52,-18.89,1,0.0,MAINTAIN COURSE (PATH CLEAR),NORMAL,99.0,132
700,23.36,-3.84,30.55,-18.86,2,0.0,MAINTAIN COURSE (PATH CLEAR),NORMAL,99.0,129
701,23.39,-3.84,30.57,-18.93,2,0.0,MAINTAIN COURSE (PATH CLEAR),NORMAL,99.0,128
702,23.42,-3.85,30.6,-18.88,2,-2.9,STEER RIGHT (HAZARD AHEAD),CRITICAL,5.3,124
703,23.46,-3.86,30.63,-20.2,3,0.8,STEER LEFT (HAZARD AHEAD),CRITICAL,5.3,119
704,23.49,-3.88,30.67,-21.49,3,3.7,STEER LEFT (HAZARD AHEAD),CRITICAL,5.0,118
705,23.52,-3.9,30.72,-21.46,4,6.0,STEER LEFT (HAZARD AHEAD),CRITICAL,4.8,116
706,23.56,-3.91,30.76,-21.1,4,1.6,STEER RIGHT (HAZARD AHEAD),CRITICAL,4.8,112
707,23.59,-3.93,30.79,-21.19,4,-1.8,STEER RIGHT (HAZARD AHEAD),CRITICAL,4.8,111
708,23.62,-3.94,30.83,-21.21,4,0.0,MAINTAIN COURSE (PATH CLEAR),NORMAL,99.0,108
709,23.66,-3.95,30.86,-22.05,4,0.0,MAINTAIN COURSE (PATH CLEAR),NORMAL,99.0,106
710,23.69,-3.96,30.89,-22.12,4,0.0,MAINTAIN COURSE (PATH CLEAR),NORMAL,99.0,105
711,23.72,-3.98,30.93,-21.94,4,-0.6,SLOW DOWN,CAUTION,7.1,104
712,23.76,-4.0,30.97,-21.39,4,-0.5,SLOW DOWN,CAUTION,7.1,100
713,23.79,-4.01,30.99,-21.47,4,-0.4,SLOW DOWN,CAUTION,7.1,99
714,23.82,-4.02,31.03,-21.44,4,0.0,MAINTAIN COURSE (PATH CLEAR),NORMAL,99.0,96
715,23.86,-4.03,31.06,-21.43,4,0.0,MAINTAIN COURSE (PATH CLEAR),NORMAL,99.0,93
716,23.89,-4.04,31.09,-21.04,4,0.0,MAINTAIN COURSE (PATH CLEAR),NORMAL,99.0,91
717,23.92,-4.05,31.11,-21.1,3,0.0,MAINTAIN COURSE (PATH CLEAR),NORMAL,99.0,88
718,23.96,-4.06,31.14,-21.12,3,0.0,MAINTAIN COURSE (PATH CLEAR),NORMAL,99.0,88
719,23.99,-4.07,31.16,-21.16,3,0.0,MAINTAIN COURSE (PATH CLEAR),NORMAL,99.0,87
720,24.02,-4.08,31.18,-21.17,3,0.0,MAINTAIN COURSE (PATH CLEAR),NORMAL,99.0,87
721,24.06,-4.09,31.2,-21.22,3,0.0,MAINTAIN COURSE (PATH CLEAR),NORMAL,99.0,85
722,24.09,-4.1,31.24,-21.23,3,0.0,MAINTAIN COURSE (PATH CLEAR),NORMAL,99.0,84
723,24.12,-4.12,31.27,-21.35,3,0.0,MAINTAIN COURSE (PATH CLEAR),NORMAL,99.0,84
724,24.16,-4.12,31.29,-21.5,3,-1.9,STEER RIGHT (CLEAR CORRIDOR),CAUTION,6.9,83
725,24.19,-4.14,31.33,-21.55,4,-3.5,STEER RIGHT (CLEAR CORRIDOR),CAUTION,6.9,82
726,24.22,-4.15,31.36,-23.32,4,-4.7,STEER RIGHT (CLEAR CORRIDOR),CAUTION,6.9,80
727,24.26,-4.15,31.37,-23.34,3,-3.7,SLOW DOWN,CAUTION,7.2,80
728,24.29,-4.16,31.39,-23.33,3,-2.9,MAINTAIN COURSE (PATH CLEAR),NORMAL,99.0,79
729,24.32,-4.19,31.45,-23.47,4,-2.2,MAINTAIN COURSE (PATH CLEAR),NORMAL,99.0,79
730,24.36,-4.21,31.5,-23.35,4,-1.7,MAINTAIN COURSE (PATH CLEAR),NORMAL,99.0,79
731,24.39,-4.24,31.57,-23.41,6,0.0,MAINTAIN COURSE (PATH CLEAR),NORMAL,99.0,78
732,24.42,-4.25,31.6,-23.46,5,-1.0,SLOW DOWN,CAUTION,7.7,76
733,24.46,-4.28,31.66,-23.51,5,-0.8,SLOW DOWN,CAUTION,7.7,75
734,24.49,-4.29,31.69,-23.5,5,-0.6,SLOW DOWN,CAUTION,7.7,75
735,24.52,-4.3,31.71,-22.96,4,0.0,MAINTAIN COURSE (PATH CLEAR),NORMAL,99.0,75
736,24.56,-4.32,31.74,-21.72,4,0.0,MAINTAIN COURSE (PATH CLEAR),NORMAL,99.0,74
737,24.59,-4.34,31.79,-21.8,5,0.0,MAINTAIN COURSE (PATH CLEAR),NORMAL,99.0,73
738,24.62,-4.35,31.84,-21.9,5,0.0,MAINTAIN COURSE (PATH CLEAR),NORMAL,99.0,71
739,24.66,-4.39,31.92,-21.84,6,0.0,MAINTAIN COURSE (PATH CLEAR),NORMAL,99.0,71
740,24.69,-4.39,31.94,-21.94,5,0.0,MAINTAIN COURSE (PATH CLEAR),NORMAL,99.0,70
741,24.72,-4.41,31.97,-21.98,5,0.0,MAINTAIN COURSE (PATH CLEAR),NORMAL,99.0,70
742,24.76,-4.42,32.01,-22.0,4,0.0,MAINTAIN COURSE (PATH CLEAR),NORMAL,99.0,70
743,24.79,-4.44,32.04,-22.09,4,0.0,MAINTAIN COURSE (PATH CLEAR),NORMAL,99.0,70
744,24.82,-4.45,32.07,-22.18,4,0.0,MAINTAIN COURSE (PATH CLEAR),NORMAL,99.0,70
745,24.86,-4.46,32.11,-22.24,4,0.0,MAINTAIN COURSE (PATH CLEAR),NORMAL,99.0,70
746,24.89,-4.5,32.21,-22.04,6,0.0,MAINTAIN COURSE (PATH CLEAR),NORMAL,99.0,70
747,24.92,-4.54,32.3,-22.05,7,0.0,MAINTAIN COURSE (PATH CLEAR),NORMAL,99.0,70
748,24.96,-4.54,32.3,-22.07,5,-1.8,STEER RIGHT (CLEAR CORRIDOR),CAUTION,7.8,65
749,24.99,-4.54,32.3,-22.04,4,0.5,STEER LEFT (CLEAR CORRIDOR),CAUTION,7.8,65
750,25.03,-4.56,32.34,-22.02,4,-1.5,STEER RIGHT (CLEAR CORRIDOR),CAUTION,7.9,65
751,25.06,-4.56,32.34,-22.03,2,0.8,STEER LEFT (CLEAR CORRIDOR),CAUTION,7.2,65
752,25.09,-4.57,32.36,-22.05,2,0.6,SLOW DOWN,CAUTION,7.2,65
753,25.13,-4.58,32.39,-23.28,3,0.5,SLOW DOWN,CAUTION,7.2,65
754,25.16,-4.59,32.42,-23.31,3,0.4,SLOW DOWN,CAUTION,7.2,64
755,25.19,-4.6,32.43,-23.18,3,0.3,SLOW DOWN,CAUTION,7.2,63
756,25.23,-4.6,32.45,-23.17,3,0.2,SLOW DOWN,CAUTION,7.3,63
757,25.26,-4.61,32.47,-23.42,3,0.2,SLOW DOWN,CAUTION,7.3,63
758,25.29,-4.62,32.5,-23.53,3,0.1,SLOW DOWN,CAUTION,7.3,63
759,25.33,-4.63,32.52,-18.94,2,0.1,SLOW DOWN,CAUTION,7.3,61
760,25.36,-4.64,32.54,-19.37,3,0.1,SLOW DOWN,CAUTION,7.3,61
761,25.39,-4.65,32.56,-19.48,2,0.1,SLOW DOWN,CAUTION,7.3,61
762,25.43,-4.65,32.57,-19.57,2,0.1,SLOW DOWN,CAUTION,7.3,60
763,25.46,-4.66,32.59,-19.58,2,0.0,SLOW DOWN,CAUTION,7.3,60
764,25.49,-4.66,32.6,-19.6,2,0.0,SLOW DOWN,CAUTION,7.3,60
765,25.53,-4.67,32.63,-20.46,2,0.0,SLOW DOWN,CAUTION,7.3,59
766,25.56,-4.68,32.65,-20.56,2,0.0,SLOW DOWN,CAUTION,7.3,58
767,25.59,-4.69,32.67,-20.63,2,0.0,MAINTAIN COURSE (PATH CLEAR),NORMAL,99.0,56
768,25.63,-4.69,32.69,-21.89,2,0.0,MAINTAIN COURSE (PATH CLEAR),NORMAL,99.0,54
769,25.66,-4.7,32.7,-21.8,2,0.0,MAINTAIN COURSE (PATH CLEAR),NORMAL,99.0,54
770,25.69,-4.71,32.73,-21.8,2,0.0,MAINTAIN COURSE (PATH CLEAR),NORMAL,99.0,54
771,25.73,-4.72,32.75,-22.01,2,0.0,MAINTAIN COURSE (PATH CLEAR),NORMAL,99.0,54
772,25.76,-4.73,32.77,-21.99,2,0.0,MAINTAIN COURSE (PATH CLEAR),NORMAL,99.0,54
773,25.79,-4.73,32.79,-22.0,2,0.0,MAINTAIN COURSE (PATH CLEAR),NORMAL,99.0,53
774,25.83,-4.74,32.81,-22.08,2,0.0,MAINTAIN COURSE (PATH CLEAR),NORMAL,99.0,53
775,25.86,-4.75,32.83,-21.97,2,0.0,MAINTAIN COURSE (PATH CLEAR),NORMAL,99.0,53
776,25.89,-4.76,32.86,-21.99,2,-2.9,STEER RIGHT (HAZARD AHEAD),CRITICAL,4.5,53
777,25.93,-4.77,32.88,-21.71,3,-5.4,STEER RIGHT (HAZARD AHEAD),CRITICAL,4.5,52
778,25.96,-4.78,32.91,-21.71,3,-7.3,STEER RIGHT (HAZARD AHEAD),CRITICAL,4.5,51
779,25.99,-4.8,32.94,-21.72,3,-8.8,STEER RIGHT (HAZARD AHEAD),CRITICAL,4.5,51
780,26.03,-4.8,32.96,-21.74,3,-6.8,MAINTAIN COURSE (PATH CLEAR),NORMAL,99.0,51
781,26.06,-4.81,32.98,-21.49,3,-5.3,MAINTAIN COURSE (PATH CLEAR),NORMAL,99.0,51
782,26.09,-4.82,33.0,-21.65,3,-4.1,MAINTAIN COURSE (PATH CLEAR),NORMAL,99.0,49
783,26.13,-4.83,33.02,-21.85,2,-3.2,MAINTAIN COURSE (PATH CLEAR),NORMAL,99.0,49
784,26.16,-4.83,33.03,-23.19,2,-2.4,MAINTAIN COURSE (PATH CLEAR),NORMAL,99.0,49
785,26.19,-4.84,33.05,-23.4,2,-1.9,MAINTAIN COURSE (PATH CLEAR),NORMAL,99.0,49
786,26.23,-4.85,33.08,-23.42,2,0.0,MAINTAIN COURSE (PATH CLEAR),NORMAL,99.0,48
787,26.26,-4.86,33.1,-23.61,3,0.0,MAINTAIN COURSE (PATH CLEAR),NORMAL,99.0,48
788,26.29,-4.87,33.11,-23.84,2,0.0,MAINTAIN COURSE (PATH CLEAR),NORMAL,99.0,46
789,26.33,-4.88,33.15,-24.08,3,0.0,MAINTAIN COURSE (PATH CLEAR),NORMAL,99.0,46
790,26.36,-4.9,33.18,-24.29,3,0.0,MAINTAIN COURSE (PATH CLEAR),NORMAL,99.0,46
791,26.39,-4.91,33.21,-24.54,3,0.0,MAINTAIN COURSE (PATH CLEAR),NORMAL,99.0,46
792,26.43,-4.92,33.23,-24.8,3,0.0,MAINTAIN COURSE (PATH CLEAR),NORMAL,99.0,46
793,26.46,-4.94,33.27,-25.08,3,-1.8,STEER RIGHT (CLEAR CORRIDOR),CAUTION,8.4,46
794,26.49,-4.95,33.3,-24.1,3,-4.5,STEER RIGHT (HAZARD AHEAD),CRITICAL,4.5,46
795,26.53,-4.96,33.33,-22.95,3,-6.6,STEER RIGHT (HAZARD AHEAD),CRITICAL,4.5,46
796,26.56,-4.97,33.35,-23.23,3,-8.2,STEER RIGHT (HAZARD AHEAD),CRITICAL,4.5,46
797,26.59,-4.99,33.39,-23.29,4,-3.3,STEER LEFT (HAZARD AHEAD),CRITICAL,4.5,46
798,26.63,-5.01,33.43,-23.59,4,0.5,STEER LEFT (HAZARD AHEAD),CRITICAL,4.5,46
799,26.66,-5.03,33.48,-22.72,4,-2.7,STEER RIGHT (HAZARD AHEAD),CRITICAL,4.5,45
800,26.69,-5.04,33.5,-23.04,4,-5.2,STEER RIGHT (HAZARD AHEAD),CRITICAL,4.5,45
801,26.73,-5.06,33.55,-22.34,4,-7.1,STEER RIGHT (HAZARD AHEAD),CRITICAL,4.5,45
802,26.76,-5.07,33.57,-22.37,4,-8.6,STEER RIGHT (HAZARD AHEAD),CRITICAL,4.5,44
803,26.79,-5.08,33.6,-22.44,4,-9.8,STEER RIGHT (HAZARD AHEAD),CRITICAL,4.5,44
804,26.83,-5.08,33.61,-22.49,3,-9.6,STEER RIGHT (CLEAR CORRIDOR),CAUTION,7.2,44
805,26.86,-5.08,33.61,-22.53,2,-7.5,SLOW DOWN,CAUTION,6.8,44
806,26.89,-5.09,33.63,-22.57,2,-5.8,SLOW DOWN,CAUTION,6.8,44
807,26.93,-5.1,33.64,-22.6,2,-1.5,STEER LEFT (HAZARD AHEAD),CRITICAL,6.3,44
808,26.96,-5.1,33.65,-22.34,2,1.9,STEER LEFT (HAZARD AHEAD),CRITICAL,6.3,43
809,26.99,-5.11,33.67,-22.36,2,3.5,STEER LEFT (CLEAR CORRIDOR),CAUTION,7.0,43
810,27.03,-5.12,33.69,-22.3,2,4.6,STEER LEFT (CLEAR CORRIDOR),CAUTION,7.8,43
811,27.06,-5.14,33.74,-21.82,3,5.4,STEER LEFT (CLEAR CORRIDOR),CAUTION,8.2,43
812,27.09,-5.18,33.83,-26.4,5,6.0,STEER LEFT (CLEAR CORRIDOR),CAUTION,8.5,43
813,27.13,-5.21,33.9,-26.57,6,6.4,STEER LEFT (CLEAR CORRIDOR),CAUTION,8.8,42
814,27.16,-5.32,34.11,-27.12,11,6.8,STEER LEFT (CLEAR CORRIDOR),CAUTION,8.6,42
815,27.19,-5.37,34.22,-27.11,12,7.1,STEER LEFT (CLEAR CORRIDOR),CAUTION,8.7,41
816,27.23,-5.39,34.25,-27.18,10,7.3,STEER LEFT (CLEAR CORRIDOR),CAUTION,8.9,41
817,27.26,-5.42,34.3,-27.27,9,8.7,STEER LEFT (HAZARD AHEAD),CRITICAL,4.4,41
818,27.29,-5.44,34.34,-27.25,8,9.9,STEER LEFT (HAZARD AHEAD),CRITICAL,4.4,40
819,27.33,-5.47,34.41,-27.19,8,10.8,STEER LEFT (HAZARD AHEAD),CRITICAL,4.4,40
820,27.36,-5.51,34.48,-27.33,8,11.5,STEER LEFT (HAZARD AHEAD),CRITICAL,4.4,39
821,27.39,-5.53,34.53,-27.79,7,12.1,STEER LEFT (HAZARD AHEAD),CRITICAL,4.4,132
822,27.43,-5.56,34.57,-28.16,7,12.5,STEER LEFT (HAZARD AHEAD),CRITICAL,4.4,125
823,27.46,-5.58,34.62,-28.35,6,12.8,STEER LEFT (HAZARD AHEAD),CRITICAL,4.4,123
824,27.49,-5.61,34.66,-30.36,6,13.1,STEER LEFT (HAZARD AHEAD),CRITICAL,4.4,118
825,27.53,-5.64,34.71,-30.17,6,13.3,STEER LEFT (HAZARD AHEAD),CRITICAL,4.4,115
826,27.56,-5.66,34.76,-30.15,6,12.3,STEER LEFT (CLEAR CORRIDOR),CAUTION,7.3,114
827,27.59,-5.7,34.82,-30.2,6,11.6,STEER LEFT (CLEAR CORRIDOR),CAUTION,7.1,109
828,27.63,-5.73,34.87,-29.97,6,12.1,STEER LEFT (HAZARD AHEAD),CRITICAL,6.5,100
829,27.66,-5.76,34.92,-29.97,6,12.5,STEER LEFT (HAZARD AHEAD),CRITICAL,6.4,99
830,27.69,-5.79,34.98,-29.97,7,12.8,STEER LEFT (HAZARD AHEAD),CRITICAL,6.3,74
831,27.73,-5.83,35.04,-29.74,7,13.1,STEER LEFT (HAZARD AHEAD),CRITICAL,4.4,72
832,27.76,-5.86,35.1,-29.94,7,13.3,STEER LEFT (HAZARD AHEAD),CRITICAL,4.4,72
833,27.79,-5.9,35.16,-29.74,7,13.5,STEER LEFT (HAZARD AHEAD),CRITICAL,4.4,71
834,27.83,-5.93,35.22,-29.75,7,13.6,STEER LEFT (HAZARD AHEAD),CRITICAL,4.4,69
835,27.86,-5.96,35.27,-29.8,7,13.7,STEER LEFT (HAZARD AHEAD),CRITICAL,4.4,66
836,27.89,-5.99,35.33,-34.38,7,13.7,STEER LEFT (HAZARD AHEAD),CRITICAL,4.4,63
837,27.93,-6.03,35.39,-34.36,7,13.8,STEER LEFT (HAZARD AHEAD),CRITICAL,4.4,58
838,27.96,-6.07,35.45,-34.32,7,13.8,STEER LEFT (HAZARD AHEAD),CRITICAL,4.4,57
839,27.99,-6.12,35.52,-34.48,8,13.9,STEER LEFT (HAZARD AHEAD),CRITICAL,4.4,55
840,28.03,-6.16,35.58,-34.43,8,12.8,STEER LEFT (CLEAR CORRIDOR),CAUTION,6.8,55
841,28.06,-6.21,35.65,-34.61,8,12.0,STEER LEFT (CLEAR CORRIDOR),CAUTION,6.8,54
842,28.09,-6.24,35.69,-34.62,7,11.4,STEER LEFT (CLEAR CORRIDOR),CAUTION,6.6,53
843,28.13,-6.29,35.77,-34.6,8,12.0,STEER LEFT (HAZARD AHEAD),CRITICAL,6.5,50
844,28.16,-6.32,35.81,-34.55,7,12.4,STEER LEFT (HAZARD AHEAD),CRITICAL,6.4,50
845,28.19,-6.37,35.88,-34.59,8,12.8,STEER LEFT (HAZARD AHEAD),CRITICAL,5.7,50
846,28.23,-6.39,35.9,-37.46,7,13.0,STEER LEFT (HAZARD AHEAD),CRITICAL,5.9,50
847,28.26,-6.4,35.92,-37.45,6,13.2,STEER LEFT (HAZARD AHEAD),CRITICAL,5.9,47
848,28.29,-6.44,35.97,-37.39,6,13.4,STEER LEFT (HAZARD AHEAD),CRITICAL,5.9,46
849,28.33,-6.44,35.97,-37.33,4,13.5,STEER LEFT (HAZARD AHEAD),CRITICAL,6.0,46
850,28.36,-6.49,36.04,-37.24,6,10.5,MAINTAIN COURSE (PATH CLEAR),NORMAL,99.0,45
851,28.4,-6.56,36.13,-37.18,7,8.1,MAINTAIN COURSE (PATH CLEAR),NORMAL,99.0,45
852,28.43,-6.59,36.17,-37.12,7,6.2,MAINTAIN COURSE (PATH CLEAR),NORMAL,99.0,45
853,28.46,-6.62,36.21,-37.06,7,4.8,MAINTAIN COURSE (PATH CLEAR),NORMAL,99.0,44
854,28.5,-6.65,36.25,-37.03,6,6.8,STEER LEFT (HAZARD AHEAD),CRITICAL,5.5,44
855,28.53,-6.71,36.33,-37.04,7,8.4,STEER LEFT (HAZARD AHEAD),CRITICAL,5.5,43
856,28.56,-6.76,36.4,-37.02,8,9.6,STEER LEFT (HAZARD AHEAD),CRITICAL,5.5,43
857,28.6,-6.8,36.44,-37.01,8,10.6,STEER LEFT (HAZARD AHEAD),CRITICAL,6.4,42
858,28.63,-6.83,36.49,-37.0,7,11.3,STEER LEFT (HAZARD AHEAD),CRITICAL,6.4,40
859,28.66,-6.88,36.55,-36.98,7,11.9,STEER LEFT (HAZARD AHEAD),CRITICAL,6.4,40
860,28.7,-6.92,36.61,-36.99,8,9.3,MAINTAIN COURSE (PATH CLEAR),NORMAL,99.0,40
861,28.73,-6.97,36.67,-37.0,8,7.2,MAINTAIN COURSE (PATH CLEAR),NORMAL,99.0,40
862,28.76,-7.03,36.75,-37.07,8,5.6,MAINTAIN COURSE (PATH CLEAR),NORMAL,99.0,39
863,28.8,-7.08,36.82,-37.12,9,4.4,MAINTAIN COURSE (PATH CLEAR),NORMAL,99.0,111
864,28.83,-7.14,36.89,-37.08,9,3.4,MAINTAIN COURSE (PATH CLEAR),NORMAL,99.0,103
865,28.86,-7.19,36.97,-37.14,9,2.6,MAINTAIN COURSE (PATH CLEAR),NORMAL,99.0,100
866,28.9,-7.25,37.04,-37.06,10,2.0,MAINTAIN COURSE (PATH CLEAR),NORMAL,99.0,95
867,28.93,-7.29,37.1,-37.07,9,0.0,MAINTAIN COURSE (PATH CLEAR),NORMAL,99.0,92
868,28.96,-7.33,37.14,-37.29,8,4.2,STEER LEFT (HAZARD AHEAD),CRITICAL,4.4,91
869,29.0,-7.36,37.18,-37.25,7,6.4,STEER LEFT (HAZARD AHEAD),CRITICAL,4.4,90
870,29.03,-7.4,37.24,-37.26,8,8.0,STEER LEFT (HAZARD AHEAD),CRITICAL,4.4,88
871,29.06,-7.45,37.3,-37.24,8,8.1,STEER LEFT (CLEAR CORRIDOR),CAUTION,8.0,86
872,29.1,-7.5,37.37,-37.13,8,8.2,STEER LEFT (CLEAR CORRIDOR),CAUTION,8.0,86
873,29.13,-7.57,37.46,-37.09,9,6.4,MAINTAIN COURSE (PATH CLEAR),NORMAL,99.0,84
874,29.16,-7.64,37.56,-37.05,10,5.0,MAINTAIN COURSE (PATH CLEAR),NORMAL,99.0,84
875,29.2,-7.73,37.68,-37.12,12,3.9,MAINTAIN COURSE (PATH CLEAR),NORMAL,99.0,81
876,29.23,-7.76,37.72,-37.09,10,3.1,MAINTAIN COURSE (PATH CLEAR),NORMAL,99.0,79
877,29.26,-7.85,37.84,-37.12,12,2.4,MAINTAIN COURSE (PATH CLEAR),NORMAL,99.0,75
878,29.3,-7.87,37.86,-37.09,9,1.9,MAINTAIN COURSE (PATH CLEAR),NORMAL,99.0,65
879,29.33,-7.89,37.89,-37.12,8,0.0,MAINTAIN COURSE (PATH CLEAR),NORMAL,99.0,63
880,29.36,-7.92,37.92,-37.06,7,-2.0,STEER RIGHT (HAZARD AHEAD),CRITICAL,4.5,60
881,29.4,-7.93,37.94,-37.04,5,-4.6,STEER RIGHT (HAZARD AHEAD),CRITICAL,4.5,58
882,29.43,-8.02,38.06,-37.03,9,-6.7,STEER RIGHT (HAZARD AHEAD),CRITICAL,4.5,58
883,29.46,-8.05,38.1,-37.0,8,-8.3,STEER RIGHT (HAZARD AHEAD),CRITICAL,4.5,53
884,29.5,-8.07,38.12,-37.0,6,-9.5,STEER RIGHT (HAZARD AHEAD),CRITICAL,4.5,53
885,29.53,-8.07,38.12,-36.96,4,-10.5,STEER RIGHT (HAZARD AHEAD),CRITICAL,4.5,53
886,29.56,-8.09,38.15,-36.85,4,-8.2,MAINTAIN COURSE (PATH CLEAR),NORMAL,99.0,48
887,29.6,-8.09,38.15,-37.5,2,-6.4,MAINTAIN COURSE (PATH CLEAR),NORMAL,99.0,48
888,29.63,-8.09,38.15,-37.39,2,-5.0,MAINTAIN COURSE (PATH CLEAR),NORMAL,99.0,48
889,29.66,-8.09,38.15,-38.41,1,-3.9,MAINTAIN COURSE (PATH CLEAR),NORMAL,99.0,48
890,29.7,-8.09,38.15,-39.3,1,-3.0,MAINTAIN COURSE (PATH CLEAR),NORMAL,99.0,48
891,29.73,-8.09,38.15,-39.3,0,-2.4,MAINTAIN COURSE (PATH CLEAR),NORMAL,99.0,46
892,29.76,-8.11,38.18,-41.86,1,-1.8,MAINTAIN COURSE (PATH CLEAR),NORMAL,99.0,44
893,29.8,-8.13,38.2,-46.44,2,0.0,MAINTAIN COURSE (PATH CLEAR),NORMAL,99.0,42
894,29.83,-8.13,38.2,-43.13,1,0.0,MAINTAIN COURSE (PATH CLEAR),NORMAL,99.0,42
895,29.86,-8.15,38.22,-38.55,2,0.0,MAINTAIN COURSE (PATH CLEAR),NORMAL,99.0,42
896,29.9,-8.15,38.22,-36.64,1,0.0,MAINTAIN COURSE (PATH CLEAR),NORMAL,99.0,42
897,29.93,-8.16,38.24,-37.0,1,0.0,MAINTAIN COURSE (PATH CLEAR),NORMAL,99.0,42
898,29.96,-8.18,38.26,-41.58,2,0.0,MAINTAIN COURSE (PATH CLEAR),NORMAL,99.0,42
899,30.0,-8.18,38.26,-41.55,1,0.0,MAINTAIN COURSE (PATH CLEAR),NORMAL,99.0,42
900,30.03,-8.2,38.28,-36.97,2,0.0,MAINTAIN COURSE (PATH CLEAR),NORMAL,99.0,42
901,30.06,-8.21,38.3,-33.41,2,0.0,MAINTAIN COURSE (PATH CLEAR),NORMAL,99.0,42
902,30.1,-8.22,38.31,-28.83,2,0.0,MAINTAIN COURSE (PATH CLEAR),NORMAL,99.0,42
903,30.13,-8.23,38.34,-28.79,2,0.0,MAINTAIN COURSE (PATH CLEAR),NORMAL,99.0,42
904,30.16,-8.25,38.37,-24.2,3,-2.1,STEER RIGHT (CLEAR CORRIDOR),CAUTION,7.2,42
905,30.2,-8.25,38.37,-24.15,2,-3.6,STEER RIGHT (CLEAR CORRIDOR),CAUTION,7.2,42
906,30.23,-8.25,38.37,-20.22,1,-4.7,STEER RIGHT (CLEAR CORRIDOR),CAUTION,7.2,42
907,30.26,-8.25,38.37,-20.22,1,-3.7,MAINTAIN COURSE (PATH CLEAR),NORMAL,99.0,42
908,30.3,-8.25,38.37,-20.64,0,-2.9,MAINTAIN COURSE (PATH CLEAR),NORMAL,99.0,42
909,30.33,-8.25,38.37,-21.02,0,-2.2,MAINTAIN COURSE (PATH CLEAR),NORMAL,99.0,42
910,30.36,-8.25,38.37,-21.22,0,-1.7,MAINTAIN COURSE (PATH CLEAR),NORMAL,99.0,42
911,30.4,-8.25,38.37,-25.8,0,0.0,MAINTAIN COURSE (PATH CLEAR),NORMAL,99.0,42
912,30.43,-8.25,38.38,-21.22,0,0.0,MAINTAIN COURSE (PATH CLEAR),NORMAL,99.0,42
913,30.46,-8.25,38.38,-21.81,0,0.0,MAINTAIN COURSE (PATH CLEAR),NORMAL,99.0,42
914,30.5,-8.26,38.41,-17.6,1,2.4,STEER LEFT (HAZARD AHEAD),CRITICAL,5.2,42
915,30.53,-8.27,38.42,-17.73,1,5.0,STEER LEFT (HAZARD AHEAD),CRITICAL,5.2,42
916,30.56,-8.27,38.42,-17.51,1,0.8,STEER RIGHT (HAZARD AHEAD),CRITICAL,5.2,42
917,30.6,-8.27,38.44,-17.18,1,0.0,MAINTAIN COURSE (PATH CLEAR),NORMAL,99.0,42
918,30.63,-8.28,38.46,-21.77,1,0.0,MAINTAIN COURSE (PATH CLEAR),NORMAL,99.0,42
919,30.66,-8.29,38.49,-22.05,2,0.0,MAINTAIN COURSE (PATH CLEAR),NORMAL,99.0,42
920,30.7,-8.29,38.49,-20.87,1,0.0,MAINTAIN COURSE (PATH CLEAR),NORMAL,99.0,42
921,30.73,-8.29,38.49,-20.46,1,0.0,MAINTAIN COURSE (PATH CLEAR),NORMAL,99.0,42
922,30.76,-8.29,38.49,-17.82,0,0.0,MAINTAIN COURSE (PATH CLEAR),NORMAL,99.0,42
923,30.8,-8.3,38.52,-16.14,1,0.0,MAINTAIN COURSE (PATH CLEAR),NORMAL,99.0,42
924,30.83,-8.31,38.56,-16.54,2,0.0,MAINTAIN COURSE (PATH CLEAR),NORMAL,99.0,42
925,30.86,-8.32,38.58,-11.96,2,0.0,MAINTAIN COURSE (PATH CLEAR),NORMAL,99.0,42
926,30.9,-8.32,38.6,-9.55,2,3.2,STEER LEFT (HAZARD AHEAD),CRITICAL,4.7,42
927,30.93,-8.33,38.63,-4.96,3,-0.6,STEER RIGHT (HAZARD AHEAD),CRITICAL,4.7,42
928,30.96,-8.33,38.65,-0.38,2,-3.5,STEER RIGHT (HAZARD AHEAD),CRITICAL,4.7,42
929,31.0,-8.33,38.67,-0.98,2,-2.7,MAINTAIN COURSE (PATH CLEAR),NORMAL,99.0,42
930,31.03,-8.33,38.67,-1.73,1,-2.1,MAINTAIN COURSE (PATH CLEAR),NORMAL,99.0,42
931,31.06,-8.33,38.72,-1.69,3,-1.6,MAINTAIN COURSE (PATH CLEAR),NORMAL,99.0,42
932,31.1,-8.33,38.72,-1.59,2,0.0,MAINTAIN COURSE (PATH CLEAR),NORMAL,99.0,42
933,31.13,-8.33,38.72,-1.44,1,0.0,MAINTAIN COURSE (PATH CLEAR),NORMAL,99.0,42
934,31.16,-8.33,38.75,0.93,2,0.0,MAINTAIN COURSE (PATH CLEAR),NORMAL,99.0,42
935,31.2,-8.33,38.77,0.2,2,0.0,MAINTAIN COURSE (PATH CLEAR),NORMAL,99.0,42
936,31.23,-8.33,38.77,2.02,1,0.0,MAINTAIN COURSE (PATH CLEAR),NORMAL,99.0,42
937,31.26,-8.33,38.79,2.09,1,2.7,STEER LEFT (HAZARD AHEAD),CRITICAL,5.1,42
938,31.3,-8.33,38.79,1.57,1,-0.9,STEER RIGHT (HAZARD AHEAD),CRITICAL,5.1,42
939,31.33,-8.33,38.82,3.84,2,2.3,STEER LEFT (HAZARD AHEAD),CRITICAL,5.1,42
940,31.36,-8.33,38.82,3.94,1,1.8,MAINTAIN COURSE (PATH CLEAR),NORMAL,99.0,42
941,31.4,-8.33,38.82,4.06,1,0.0,MAINTAIN COURSE (PATH CLEAR),NORMAL,99.0,42
942,31.43,-8.32,38.85,8.64,1,0.0,MAINTAIN COURSE (PATH CLEAR),NORMAL,99.0,42
943,31.46,-8.32,38.85,8.02,1,0.0,MAINTAIN COURSE (PATH CLEAR),NORMAL,99.0,42
944,31.5,-8.32,38.87,8.17,1,0.0,MAINTAIN COURSE (PATH CLEAR),NORMAL,99.0,42
945,31.53,-8.32,38.9,8.1,2,0.0,MAINTAIN COURSE (PATH CLEAR),NORMAL,99.0,42
946,31.56,-8.31,38.92,12.68,2,0.5,SLOW DOWN,CAUTION,99.0,42
947,31.6,-8.31,38.94,11.45,2,0.0,MAINTAIN COURSE (PATH CLEAR),NORMAL,99.0,42
948,31.63,-8.3,38.98,11.51,3,3.4,STEER LEFT (HAZARD AHEAD),CRITICAL,5.2,42
949,31.66,-8.29,39.01,16.1,3,-0.5,STEER RIGHT (HAZARD AHEAD),CRITICAL,5.0,42
950,31.7,-8.29,39.03,14.68,3,-3.4,STEER RIGHT (HAZARD AHEAD),CRITICAL,5.0,42
951,31.73,-8.29,39.03,13.59,2,-5.8,STEER RIGHT (HAZARD AHEAD),CRITICAL,5.0,42
952,31.77,-8.28,39.06,12.56,2,-4.5,MAINTAIN COURSE (PATH CLEAR),NORMAL,99.0,42
953,31.8,-8.28,39.07,12.33,2,-3.5,MAINTAIN COURSE (PATH CLEAR),NORMAL,99.0,42
954,31.83,-8.27,39.09,12.69,2,-2.7,MAINTAIN COURSE (PATH CLEAR),NORMAL,99.0,42
955,31.87,-8.27,39.11,12.78,2,-2.0,MAINTAIN COURSE (PATH CLEAR),NORMAL,99.0,42
956,31.9,-8.27,39.11,13.03,1,-1.5,MAINTAIN COURSE (PATH CLEAR),NORMAL,99.0,42
957,31.93,-8.27,39.12,13.16,1,0.0,MAINTAIN COURSE (PATH CLEAR),NORMAL,99.0,42
958,31.97,-8.27,39.12,12.4,1,1.0,STEER LEFT (CLEAR CORRIDOR),CAUTION,7.7,42
959,32.0,-8.26,39.15,12.58,1,-2.3,STEER RIGHT (HAZARD AHEAD),CRITICAL,5.0,42
960,32.03,-8.26,39.17,11.35,2,1.3,STEER LEFT (HAZARD AHEAD),CRITICAL,4.9,42
961,32.07,-8.25,39.18,11.28,1,4.1,STEER LEFT (HAZARD AHEAD),CRITICAL,4.9,40
962,32.1,-8.25,39.18,6.7,1,0.1,STEER RIGHT (HAZARD AHEAD),CRITICAL,4.9,40
963,32.13,-8.25,39.19,5.59,1,0.0,MAINTAIN COURSE (PATH CLEAR),NORMAL,99.0,40
964,32.17,-8.25,39.22,3.9,2,0.0,MAINTAIN COURSE (PATH CLEAR),NORMAL,99.0,39
965,32.2,-8.25,39.26,3.87,2,0.0,MAINTAIN COURSE (PATH CLEAR),NORMAL,99.0,159
966,32.23,-8.25,39.3,3.64,3,0.0,MAINTAIN COURSE (PATH CLEAR),NORMAL,99.0,149
967,32.27,-8.24,39.34,3.65,3,0.0,MAINTAIN COURSE (PATH CLEAR),NORMAL,99.0,149
968,32.3,-8.24,39.39,3.63,4,0.1,SLOW DOWN,CAUTION,99.0,143
969,32.33,-8.24,39.43,3.67,4,0.0,SLOW DOWN,CAUTION,99.0,140
970,32.37,-8.23,39.48,3.71,4,-3.0,STEER RIGHT (HAZARD AHEAD),CRITICAL,5.1,140
971,32.4,-8.23,39.51,3.68,4,-5.5,STEER RIGHT (HAZARD AHEAD),CRITICAL,4.9,135
972,32.43,-8.23,39.56,3.69,4,-7.3,STEER RIGHT (HAZARD AHEAD),CRITICAL,4.9,133
973,32.47,-8.23,39.6,3.65,4,-8.8,STEER RIGHT (HAZARD AHEAD),CRITICAL,5.7,132
974,32.5,-8.22,39.65,3.6,5,-3.8,STEER LEFT (HAZARD AHEAD),CRITICAL,6.4,129
975,32.53,-8.22,39.7,3.55,5,-6.0,STEER RIGHT (HAZARD AHEAD),CRITICAL,6.4,126
976,32.57,-8.22,39.73,3.51,4,-7.8,STEER RIGHT (HAZARD AHEAD),CRITICAL,6.4,124
977,32.6,-8.22,39.83,-1.08,6,-6.1,MAINTAIN COURSE (PATH CLEAR),NORMAL,99.0,121
978,32.63,-8.22,39.87,-1.12,6,-4.7,SLOW DOWN,CAUTION,7.2,34
979,32.67,-8.22,39.97,-1.1,7,-3.7,SLOW DOWN,CAUTION,7.2,155
980,32.7,-8.22,40.07,-1.38,8,-2.9,SLOW DOWN,CAUTION,7.2,140
981,32.73,-8.22,40.12,-1.36,7,-2.2,SLOW DOWN,CAUTION,7.2,134
982,32.77,-8.22,40.21,-1.44,8,-1.7,SLOW DOWN,CAUTION,7.2,124
983,32.8,-8.23,40.27,-1.5,8,-2.9,STEER RIGHT (CLEAR CORRIDOR),CAUTION,10.2,119
984,32.83,-8.23,40.31,-1.46,7,-3.9,STEER RIGHT (CLEAR CORRIDOR),CAUTION,10.2,109
985,32.87,-8.23,40.36,-1.46,6,-4.6,STEER RIGHT (CLEAR CORRIDOR),CAUTION,9.9,108
986,32.9,-8.23,40.47,-1.61,8,-5.2,STEER RIGHT (CLEAR CORRIDOR),CAUTION,10.1,103
987,32.93,-8.23,40.53,-1.62,7,-2.5,STEER LEFT (CLEAR CORRIDOR),CAUTION,10.4,98
988,32.97,-8.23,40.57,-1.56,6,-3.5,STEER RIGHT (CLEAR CORRIDOR),CAUTION,10.4,94
989,33.0,-8.23,40.58,-1.47,5,-4.3,STEER RIGHT (CLEAR CORRIDOR),CAUTION,10.2,89
990,33.03,-8.24,40.63,-1.49,5,-3.4,SLOW DOWN,CAUTION,7.4,88
991,33.07,-8.24,40.67,-1.51,5,-2.6,SLOW DOWN,CAUTION,7.4,88
992,33.1,-8.24,40.71,-1.51,5,-2.0,SLOW DOWN,CAUTION,7.3,85
993,33.13,-8.24,40.74,-1.36,5,-1.6,SLOW DOWN,CAUTION,7.3,83
994,33.17,-8.24,40.83,-1.7,6,-1.2,SLOW DOWN,CAUTION,7.4,81
995,33.2,-8.24,40.86,-1.76,5,-1.0,SLOW DOWN,CAUTION,7.3,78
996,33.23,-8.24,40.9,-1.77,5,-0.8,SLOW DOWN,CAUTION,7.3,77
997,33.27,-8.24,40.94,-1.76,5,-0.6,SLOW DOWN,CAUTION,7.3,73
998,33.3,-8.24,40.97,-1.81,4,-0.5,SLOW DOWN,CAUTION,7.2,72
999,33.33,-8.25,40.99,-2.55,4,-0.4,SLOW DOWN,CAUTION,7.2,70
1000,33.37,-8.25,41.01,-4.53,3,-0.3,SLOW DOWN,CAUTION,7.2,69
1001,33.4,-8.25,41.03,-4.56,3,-0.2,SLOW DOWN,CAUTION,7.2,67
1002,33.43,-8.25,41.06,-4.57,3,-0.2,SLOW DOWN,CAUTION,7.2,67
1003,33.47,-8.25,41.09,-4.58,3,-1.8,STEER RIGHT (CLEAR CORRIDOR),CAUTION,9.4,67
1004,33.5,-8.25,41.11,-4.55,3,-1.4,SLOW DOWN,CAUTION,9.4,65
1005,33.53,-8.26,41.13,-4.53,3,-1.1,SLOW DOWN,CAUTION,9.4,64
1006,33.57,-8.26,41.16,-6.91,3,0.8,STEER LEFT (CLEAR CORRIDOR),CAUTION,9.4,63
1007,33.6,-8.26,41.18,-6.95,3,2.3,STEER LEFT (CLEAR CORRIDOR),CAUTION,9.4,63
1008,33.63,-8.27,41.21,-7.02,3,3.5,STEER LEFT (CLEAR CORRIDOR),CAUTION,9.4,63
1009,33.67,-8.27,41.25,-6.88,3,0.9,STEER RIGHT (CLEAR CORRIDOR),CAUTION,8.4,61
1010,33.7,-8.28,41.3,-6.98,4,-1.1,STEER RIGHT (CLEAR CORRIDOR),CAUTION,8.4,61
1011,33.73,-8.28,41.33,-7.23,4,-2.7,STEER RIGHT (CLEAR CORRIDOR),CAUTION,8.4,61
1012,33.77,-8.29,41.38,-8.31,4,-2.1,SLOW DOWN,CAUTION,9.4,59
1013,33.8,-8.29,41.43,-8.66,5,-1.6,SLOW DOWN,CAUTION,10.5,59
1014,33.83,-8.3,41.48,-8.66,5,-1.3,SLOW DOWN,CAUTION,10.5,58
1015,33.87,-8.31,41.54,-8.64,5,-2.7,STEER RIGHT (CLEAR CORRIDOR),CAUTION,9.2,58
1016,33.9,-8.32,41.59,-8.66,5,-3.9,STEER RIGHT (CLEAR CORRIDOR),CAUTION,8.4,58
1017,33.93,-8.32,41.62,-8.62,5,-4.9,STEER RIGHT (CLEAR CORRIDOR),CAUTION,7.8,58
1018,33.97,-8.33,41.65,-8.57,4,-5.8,STEER RIGHT (CLEAR CORRIDOR),CAUTION,7.5,58
1019,34.0,-8.33,41.68,-8.59,4,-6.4,STEER RIGHT (CLEAR CORRIDOR),CAUTION,7.2,58
1020,34.03,-8.34,41.72,-8.52,4,-1.9,STEER LEFT (HAZARD AHEAD),CRITICAL,5.0,58
1021,34.07,-8.35,41.76,-8.57,4,1.6,STEER LEFT (HAZARD AHEAD),CRITICAL,5.0,57
1022,34.1,-8.35,41.79,-8.57,4,4.3,STEER LEFT (HAZARD AHEAD),CRITICAL,5.0,53
1023,34.13,-8.36,41.85,-8.57,5,1.3,STEER RIGHT (CLEAR CORRIDOR),CAUTION,6.8,53
1024,34.17,-8.36,41.89,-8.57,5,1.1,SLOW DOWN,CAUTION,7.9,53
1025,34.2,-8.37,41.95,-11.88,5,-1.1,STEER RIGHT (CLEAR CORRIDOR),CAUTION,7.3,52
1026,34.23,-8.39,42.01,-11.8,6,-0.9,SLOW DOWN,CAUTION,6.9,51
1027,34.27,-8.41,42.1,-11.8,7,-2.7,STEER RIGHT (CLEAR CORRIDOR),CAUTION,6.6,51
1028,34.3,-8.42,42.18,-11.76,7,-5.2,STEER RIGHT (HAZARD AHEAD),CRITICAL,6.5,51
1029,34.33,-8.44,42.26,-14.91,8,-1.0,STEER LEFT (HAZARD AHEAD),CRITICAL,6.5,50
1030,34.37,-8.46,42.33,-14.9,8,2.3,STEER LEFT (HAZARD AHEAD),CRITICAL,6.4,50
1031,34.4,-8.48,42.41,-14.79,8,4.9,STEER LEFT (HAZARD AHEAD),CRITICAL,6.4,50
1032,34.43,-8.5,42.49,-14.78,8,6.9,STEER LEFT (HAZARD AHEAD),CRITICAL,6.3,49
1033,34.47,-8.52,42.56,-14.8,8,8.5,STEER LEFT (HAZARD AHEAD),CRITICAL,6.3,48
1034,34.5,-8.54,42.64,-14.81,9,9.7,STEER LEFT (HAZARD AHEAD),CRITICAL,6.3,48
1035,34.53,-8.56,42.71,-14.8,8,10.6,STEER LEFT (HAZARD AHEAD),CRITICAL,6.2,48
1036,34.57,-8.57,42.75,-14.71,7,11.4,STEER LEFT (HAZARD AHEAD),CRITICAL,6.2,47
1037,34.6,-8.57,42.76,-14.6,5,11.9,STEER LEFT (HAZARD AHEAD),CRITICAL,6.2,46
1038,34.63,-8.6,42.86,-14.51,7,12.4,STEER LEFT (HAZARD AHEAD),CRITICAL,6.1,42
1039,34.67,-8.62,42.95,-14.39,8,12.8,STEER LEFT (HAZARD AHEAD),CRITICAL,6.0,38
1040,34.7,-8.64,43.03,-14.38,8,13.0,STEER LEFT (HAZARD AHEAD),CRITICAL,5.8,154
1041,34.73,-8.66,43.11,-14.25,8,13.2,STEER LEFT (HAZARD AHEAD),CRITICAL,5.8,142
1042,34.77,-8.69,43.18,-17.19,8,13.4,STEER LEFT (HAZARD AHEAD),CRITICAL,5.6,136
1043,34.8,-8.72,43.3,-17.58,10,13.5,STEER LEFT (HAZARD AHEAD),CRITICAL,5.6,122
1044,34.83,-8.73,43.34,-17.7,8,13.6,STEER LEFT (HAZARD AHEAD),CRITICAL,5.6,114
1045,34.87,-8.76,43.41,-17.61,8,13.7,STEER LEFT (HAZARD AHEAD),CRITICAL,5.5,111
1046,34.9,-8.78,43.47,-17.74,8,13.8,STEER LEFT (HAZARD AHEAD),CRITICAL,5.5,103
1047,34.93,-8.8,43.56,-17.56,8,13.8,STEER LEFT (HAZARD AHEAD),CRITICAL,5.6,100
1048,34.97,-8.83,43.64,-17.34,9,13.9,STEER LEFT (HAZARD AHEAD),CRITICAL,5.5,99
1049,35.0,-8.85,43.71,-17.21,9,13.9,STEER LEFT (HAZARD AHEAD),CRITICAL,5.5,96
1050,35.04,-8.88,43.8,-17.13,9,13.9,STEER LEFT (HAZARD AHEAD),CRITICAL,5.4,95
1051,35.07,-8.91,43.89,-17.03,9,13.9,STEER LEFT (HAZARD AHEAD),CRITICAL,5.4,91
1052,35.1,-8.93,43.96,-16.92,9,14.0,STEER LEFT (HAZARD AHEAD),CRITICAL,5.5,88
1053,35.14,-8.95,44.04,-16.92,9,14.0,STEER LEFT (HAZARD AHEAD),CRITICAL,5.5,87
1054,35.17,-8.98,44.12,-16.9,9,14.0,STEER LEFT (HAZARD AHEAD),CRITICAL,5.5,86
1055,35.2,-9.0,44.18,-16.83,8,14.0,STEER LEFT (HAZARD AHEAD),CRITICAL,5.5,84
1056,35.24,-9.02,44.26,-17.05,9,14.0,STEER LEFT (HAZARD AHEAD),CRITICAL,5.5,81
1057,35.27,-9.05,44.35,-17.08,9,14.0,STEER LEFT (HAZARD AHEAD),CRITICAL,5.6,78
1058,35.3,-9.06,44.4,-17.1,8,14.0,STEER LEFT (HAZARD AHEAD),CRITICAL,5.6,77
1059,35.34,-9.09,44.49,-16.99,9,14.0,STEER LEFT (HAZARD AHEAD),CRITICAL,5.6,74
1060,35.37,-9.11,44.55,-20.84,8,10.9,MAINTAIN COURSE (PATH CLEAR),NORMAL,99.0,72
1061,35.4,-9.13,44.61,-25.43,8,11.6,STEER LEFT (HAZARD AHEAD),CRITICAL,6.2,70
1062,35.44,-9.16,44.66,-28.99,7,12.1,STEER LEFT (HAZARD AHEAD),CRITICAL,6.1,64
1063,35.47,-9.16,44.66,-28.9,5,12.5,STEER LEFT (HAZARD AHEAD),CRITICAL,6.1,62
1064,35.5,-9.19,44.71,-28.77,6,12.8,STEER LEFT (HAZARD AHEAD),CRITICAL,6.1,60
1065,35.54,-9.23,44.78,-28.63,6,13.1,STEER LEFT (HAZARD AHEAD),CRITICAL,6.1,57
1066,35.57,-9.26,44.83,-28.83,6,13.3,STEER LEFT (HAZARD AHEAD),CRITICAL,6.1,57
1067,35.6,-9.28,44.88,-28.7,6,13.5,STEER LEFT (HAZARD AHEAD),CRITICAL,6.1,56
1068,35.64,-9.32,44.94,-28.63,7,13.6,STEER LEFT (HAZARD AHEAD),CRITICAL,6.1,51
1069,35.67,-9.35,45.01,-28.62,7,13.7,STEER LEFT (HAZARD AHEAD),CRITICAL,6.0,50
1070,35.7,-9.38,45.06,-28.61,7,13.7,STEER LEFT (HAZARD AHEAD),CRITICAL,5.9,50
1071,35.74,-9.41,45.11,-28.48,7,13.8,STEER LEFT (HAZARD AHEAD),CRITICAL,5.9,49
1072,35.77,-9.42,45.13,-31.08,6,13.8,STEER LEFT (HAZARD AHEAD),CRITICAL,6.1,49
1073,35.8,-9.42,45.13,-30.94,3,13.9,STEER LEFT (HAZARD AHEAD),CRITICAL,6.1,48
1074,35.84,-9.44,45.17,-30.94,4,13.9,STEER LEFT (HAZARD AHEAD),CRITICAL,6.2,46
1075,35.87,-9.46,45.19,-30.83,4,13.9,STEER LEFT (HAZARD AHEAD),CRITICAL,5.8,46
1076,35.9,-9.46,45.2,-30.83,3,13.9,STEER LEFT (HAZARD AHEAD),CRITICAL,5.8,46
1077,35.94,-9.46,45.2,-30.84,2,14.0,STEER LEFT (HAZARD AHEAD),CRITICAL,5.8,46
1078,35.97,-9.46,45.2,-30.83,1,14.0,STEER LEFT (HAZARD AHEAD),CRITICAL,6.4,46
1079,36.0,-9.46,45.2,-30.67,1,14.0,STEER LEFT (HAZARD AHEAD),CRITICAL,6.4,45
1080,36.04,-9.46,45.2,-30.5,1,10.9,MAINTAIN COURSE (PATH CLEAR),NORMAL,99.0,45
1081,36.07,-9.49,45.25,-30.36,2,8.5,MAINTAIN COURSE (PATH CLEAR),NORMAL,99.0,45
1082,36.1,-9.53,45.31,-30.25,4,6.6,MAINTAIN COURSE (PATH CLEAR),NORMAL,99.0,45
1083,36.14,-9.53,45.31,-30.19,2,5.2,MAINTAIN COURSE (PATH CLEAR),NORMAL,99.0,45
1084,36.17,-9.54,45.34,-30.2,2,4.1,MAINTAIN COURSE (PATH CLEAR),NORMAL,99.0,45
1085,36.2,-9.57,45.38,-30.17,3,3.2,MAINTAIN COURSE (PATH CLEAR),NORMAL,99.0,44
1086,36.24,-9.58,45.4,-30.2,3,2.4,MAINTAIN COURSE (PATH CLEAR),NORMAL,99.0,44
1087,36.27,-9.58,45.4,-30.19,2,1.8,MAINTAIN COURSE (PATH CLEAR),NORMAL,99.0,42
1088,36.3,-9.6,45.45,-30.15,3,0.0,MAINTAIN COURSE (PATH CLEAR),NORMAL,99.0,42
1089,36.34,-9.61,45.45,-30.14,2,4.1,STEER LEFT (HAZARD AHEAD),CRITICAL,4.3,42
1090,36.37,-9.61,45.45,-30.16,1,6.3,STEER LEFT (HAZARD AHEAD),CRITICAL,4.3,42
1091,36.4,-9.61,45.45,-30.11,1,8.0,STEER LEFT (HAZARD AHEAD),CRITICAL,4.3,41
1092,36.44,-9.61,45.45,-30.04,1,6.2,MAINTAIN COURSE (PATH CLEAR),NORMAL,99.0,40
1093,36.47,-9.61,45.45,-34.62,0,4.8,MAINTAIN COURSE (PATH CLEAR),NORMAL,99.0,40
1094,36.5,-9.61,45.45,-34.64,0,5.7,STEER LEFT (CLEAR CORRIDOR),CAUTION,7.4,39
1095,36.54,-9.66,45.52,-34.58,3,6.4,STEER LEFT (CLEAR CORRIDOR),CAUTION,7.4,142
1096,36.57,-9.71,45.6,-34.49,5,7.0,STEER LEFT (CLEAR CORRIDOR),CAUTION,6.7,132
1097,36.6,-9.74,45.64,-34.53,5,7.4,STEER LEFT (CLEAR CORRIDOR),CAUTION,6.9,123
1098,36.64,-9.79,45.71,-34.4,6,7.8,STEER LEFT (CLEAR CORRIDOR),CAUTION,7.1,122
1099,36.67,-9.85,45.8,-34.41,8,8.0,STEER LEFT (CLEAR CORRIDOR),CAUTION,7.2,117
1100,36.7,-9.91,45.89,-34.41,9,8.2,STEER LEFT (CLEAR CORRIDOR),CAUTION,7.3,111
1101,36.74,-9.95,45.94,-34.28,8,8.3,STEER LEFT (CLEAR CORRIDOR),CAUTION,7.3,107
1102,36.77,-9.99,46.01,-34.29,9,8.4,STEER LEFT (CLEAR CORRIDOR),CAUTION,7.3,104
1103,36.8,-10.01,46.04,-34.4,7,8.5,STEER LEFT (CLEAR CORRIDOR),CAUTION,7.3,95
1104,36.84,-10.04,46.07,-34.38,6,6.7,SLOW DOWN,CAUTION,7.3,90
1105,36.87,-10.07,46.12,-34.48,6,5.2,MAINTAIN COURSE (PATH CLEAR),NORMAL,99.0,81
1106,36.9,-10.1,46.17,-34.36,6,4.1,MAINTAIN COURSE (PATH CLEAR),NORMAL,99.0,80
1107,36.94,-10.14,46.22,-34.36,7,3.3,MAINTAIN COURSE (PATH CLEAR),NORMAL,99.0,79
1108,36.97,-10.19,46.29,-34.36,7,2.6,MAINTAIN COURSE (PATH CLEAR),NORMAL,99.0,79
1109,37.0,-10.23,46.35,-34.33,7,2.1,MAINTAIN COURSE (PATH CLEAR),NORMAL,99.0,79
1110,37.04,-10.27,46.42,-34.33,8,1.6,MAINTAIN COURSE (PATH CLEAR),NORMAL,99.0,77
1111,37.07,-10.29,46.44,-34.29,6,0.0,MAINTAIN COURSE (PATH CLEAR),NORMAL,99.0,72
1112,37.1,-10.33,46.5,-34.16,7,-2.1,STEER RIGHT (HAZARD AHEAD),CRITICAL,4.5,72
1113,37.14,-10.34,46.52,-34.48,5,-4.7,STEER RIGHT (HAZARD AHEAD),CRITICAL,4.5,72
1114,37.17,-10.35,46.53,-34.47,4,-6.8,STEER RIGHT (HAZARD AHEAD),CRITICAL,4.5,67
1115,37.2,-10.35,46.53,-34.5,3,-5.3,MAINTAIN COURSE (PATH CLEAR),NORMAL,99.0,66
1116,37.24,-10.41,46.62,-34.46,6,-4.1,MAINTAIN COURSE (PATH CLEAR),NORMAL,99.0,65
1117,37.27,-10.48,46.72,-34.73,7,-3.1,MAINTAIN COURSE (PATH CLEAR),NORMAL,99.0,65
1118,37.3,-10.48,46.72,-34.75,5,-2.4,MAINTAIN COURSE (PATH CLEAR),NORMAL,99.0,64
1119,37.34,-10.51,46.77,-34.75,6,-1.9,MAINTAIN COURSE (PATH CLEAR),NORMAL,99.0,64
1120,37.37,-10.52,46.78,-34.78,4,0.0,MAINTAIN COURSE (PATH CLEAR),NORMAL,99.0,63
1121,37.4,-10.53,46.8,-34.84,4,0.0,MAINTAIN COURSE (PATH CLEAR),NORMAL,99.0,63
1122,37.44,-10.56,46.83,-34.8,4,0.0,MAINTAIN COURSE (PATH CLEAR),NORMAL,99.0,62
1123,37.47,-10.58,46.87,-34.77,5,0.0,MAINTAIN COURSE (PATH CLEAR),NORMAL,99.0,61
1124,37.5,-10.63,46.94,-34.78,6,0.0,MAINTAIN COURSE (PATH CLEAR),NORMAL,99.0,61
1125,37.54,-10.68,47.01,-34.78,6,0.0,MAINTAIN COURSE (PATH CLEAR),NORMAL,99.0,60
1126,37.57,-10.68,47.01,-34.79,5,0.0,MAINTAIN COURSE (PATH CLEAR),NORMAL,99.0,58
1127,37.6,-10.68,47.01,-34.79,4,0.0,MAINTAIN COURSE (PATH CLEAR),NORMAL,99.0,58
1128,37.64,-10.68,47.01,-34.8,2,0.0,MAINTAIN COURSE (PATH CLEAR),NORMAL,99.0,58
1129,37.67,-10.72,47.07,-34.8,3,0.0,MAINTAIN COURSE (PATH CLEAR),NORMAL,99.0,58
1130,37.7,-10.75,47.11,-34.81,4,0.0,MAINTAIN COURSE (PATH CLEAR),NORMAL,99.0,58
1131,37.74,-10.79,47.17,-34.81,5,0.0,MAINTAIN COURSE (PATH CLEAR),NORMAL,99.0,58
1132,37.77,-10.82,47.21,-34.81,5,0.0,MAINTAIN COURSE (PATH CLEAR),NORMAL,99.0,58
1133,37.8,-10.82,47.21,-34.63,4,0.0,MAINTAIN COURSE (PATH CLEAR),NORMAL,99.0,57
1134,37.84,-10.86,47.27,-34.58,5,0.0,MAINTAIN COURSE (PATH CLEAR),NORMAL,99.0,57
1135,37.87,-10.86,47.27,-34.53,3,0.0,MAINTAIN COURSE (PATH CLEAR),NORMAL,99.0,56
1136,37.9,-10.88,47.3,-34.53,3,0.0,MAINTAIN COURSE (PATH CLEAR),NORMAL,99.0,56
1137,37.94,-10.88,47.3,-34.56,2,0.0,MAINTAIN COURSE (PATH CLEAR),NORMAL,99.0,55
1138,37.97,-10.91,47.34,-34.56,3,0.0,MAINTAIN COURSE (PATH CLEAR),NORMAL,99.0,54
1139,38.0,-10.91,47.35,-34.55,2,0.0,MAINTAIN COURSE (PATH CLEAR),NORMAL,99.0,54
1140,38.04,-10.91,47.35,-34.59,1,0.0,MAINTAIN COURSE (PATH CLEAR),NORMAL,99.0,54
1141,38.07,-10.93,47.38,-34.64,2,0.0,MAINTAIN COURSE (PATH CLEAR),NORMAL,99.0,54
1142,38.1,-10.93,47.38,-34.68,1,0.0,MAINTAIN COURSE (PATH CLEAR),NORMAL,99.0,54
1143,38.14,-10.93,47.38,-37.6,1,0.0,MAINTAIN COURSE (PATH CLEAR),NORMAL,99.0,53
1144,38.17,-10.93,47.38,-37.48,0,0.0,MAINTAIN COURSE (PATH CLEAR),NORMAL,99.0,53
1145,38.2,-10.93,47.38,-37.44,0,-3.0,STEER RIGHT (HAZARD AHEAD),CRITICAL,4.5,53
1146,38.24,-10.93,47.38,-37.32,0,-5.5,STEER RIGHT (HAZARD AHEAD),CRITICAL,4.5,53
1147,38.27,-10.93,47.38,-39.89,0,-7.3,STEER RIGHT (HAZARD AHEAD),CRITICAL,4.3,53
1148,38.3,-10.93,47.38,-39.91,0,-8.8,STEER RIGHT (HAZARD AHEAD),CRITICAL,4.3,53
1149,38.34,-10.95,47.4,-42.39,1,-9.9,STEER RIGHT (HAZARD AHEAD),CRITICAL,4.3,52
1150,38.37,-10.98,47.42,-44.81,2,-10.8,STEER RIGHT (HAZARD AHEAD),CRITICAL,4.3,52
1151,38.41,-10.98,47.42,-44.81,1,-11.5,STEER RIGHT (HAZARD AHEAD),CRITICAL,4.3,52
1152,38.44,-10.98,47.42,-44.8,1,-12.1,STEER RIGHT (HAZARD AHEAD),CRITICAL,4.3,52
1153,38.47,-10.98,47.43,-44.82,1,-12.5,STEER RIGHT (HAZARD AHEAD),CRITICAL,4.3,52
1154,38.51,-10.98,47.43,-44.82,0,-9.7,MAINTAIN COURSE (PATH CLEAR),NORMAL,99.0,52
1155,38.54,-10.98,47.43,-44.79,0,-7.6,MAINTAIN COURSE (PATH CLEAR),NORMAL,99.0,52
1156,38.57,-10.98,47.43,-44.81,0,-5.9,MAINTAIN COURSE (PATH CLEAR),NORMAL,99.0,52
1157,38.61,-10.99,47.43,-44.81,0,-7.7,STEER RIGHT (HAZARD AHEAD),CRITICAL,4.6,52
1158,38.64,-10.99,47.44,-44.78,0,-2.9,STEER LEFT (HAZARD AHEAD),CRITICAL,4.6,52
1159,38.67,-10.99,47.44,-44.69,0,0.8,STEER LEFT (HAZARD AHEAD),CRITICAL,4.6,52
1160,38.71,-10.99,47.44,-44.72,0,0.0,MAINTAIN COURSE (PATH CLEAR),NORMAL,99.0,52
1161,38.74,-10.99,47.44,-44.59,0,0.0,MAINTAIN COURSE (PATH CLEAR),NORMAL,99.0,52
1162,38.77,-10.99,47.44,-44.61,0,0.0,MAINTAIN COURSE (PATH CLEAR),NORMAL,99.0,52
1163,38.81,-10.99,47.44,-44.6,0,0.0,MAINTAIN COURSE (PATH CLEAR),NORMAL,99.0,52
1164,38.84,-10.99,47.44,-44.58,0,0.0,MAINTAIN COURSE (PATH CLEAR),NORMAL,99.0,52
1165,38.87,-10.99,47.44,-46.19,0,0.0,MAINTAIN COURSE (PATH CLEAR),NORMAL,99.0,52
1166,38.91,-10.99,47.44,-46.18,0,3.3,STEER LEFT (HAZARD AHEAD),CRITICAL,5.4,52
1167,38.94,-10.99,47.44,-46.16,0,-0.5,STEER RIGHT (HAZARD AHEAD),CRITICAL,5.4,51
1168,38.97,-11.01,47.46,-47.17,1,-3.5,STEER RIGHT (HAZARD AHEAD),CRITICAL,5.4,51
1169,39.01,-11.01,47.46,-47.2,0,-2.7,MAINTAIN COURSE (PATH CLEAR),NORMAL,99.0,50
1170,39.04,-11.01,47.46,-47.21,0,-2.1,MAINTAIN COURSE (PATH CLEAR),NORMAL,99.0,50
1171,39.07,-11.01,47.46,-47.2,0,-1.6,MAINTAIN COURSE (PATH CLEAR),NORMAL,99.0,50
1172,39.11,-11.02,47.46,-47.17,0,0.0,MAINTAIN COURSE (PATH CLEAR),NORMAL,99.0,50
1173,39.14,-11.02,47.46,-47.17,0,0.0,MAINTAIN COURSE (PATH CLEAR),NORMAL,99.0,50
1174,39.17,-11.02,47.46,-47.13,0,0.0,MAINTAIN COURSE (PATH CLEAR),NORMAL,99.0,50
1175,39.21,-11.02,47.46,-47.17,0,0.0,MAINTAIN COURSE (PATH CLEAR),NORMAL,99.0,50
1176,39.24,-11.02,47.46,-47.19,0,0.0,MAINTAIN COURSE (PATH CLEAR),NORMAL,99.0,50
1177,39.27,-11.02,47.46,-48.19,0,0.0,MAINTAIN COURSE (PATH CLEAR),NORMAL,99.0,50
1178,39.31,-11.02,47.46,-48.18,0,0.0,MAINTAIN COURSE (PATH CLEAR),NORMAL,99.0,50
1179,39.34,-11.02,47.46,-49.12,0,0.0,MAINTAIN COURSE (PATH CLEAR),NORMAL,99.0,50
1180,39.37,-11.02,47.47,-49.12,0,0.0,MAINTAIN COURSE (PATH CLEAR),NORMAL,99.0,49
1181,39.41,-11.02,47.47,-49.89,0,0.0,MAINTAIN COURSE (PATH CLEAR),NORMAL,99.0,49
1182,39.44,-11.02,47.47,-50.13,0,0.0,MAINTAIN COURSE (PATH CLEAR),NORMAL,99.0,49
1183,39.47,-11.02,47.47,-50.16,0,0.0,MAINTAIN COURSE (PATH CLEAR),NORMAL,99.0,49
1184,39.51,-11.02,47.47,-54.75,0,0.0,MAINTAIN COURSE (PATH CLEAR),NORMAL,99.0,49
1185,39.54,-11.03,47.47,-54.73,0,0.0,MAINTAIN COURSE (PATH CLEAR),NORMAL,99.0,49
1186,39.57,-11.03,47.47,-54.73,0,0.0,MAINTAIN COURSE (PATH CLEAR),NORMAL,99.0,49
1187,39.61,-11.03,47.47,-54.7,0,0.0,MAINTAIN COURSE (PATH CLEAR),NORMAL,99.0,49
1188,39.64,-11.03,47.47,-54.7,0,0.0,MAINTAIN COURSE (PATH CLEAR),NORMAL,99.0,49
1189,39.67,-11.03,47.47,-53.94,0,0.0,MAINTAIN COURSE (PATH CLEAR),NORMAL,99.0,48
1190,39.71,-11.03,47.47,-53.94,0,0.0,MAINTAIN COURSE (PATH CLEAR),NORMAL,99.0,48
1191,39.74,-11.03,47.47,-58.52,0,0.0,MAINTAIN COURSE (PATH CLEAR),NORMAL,99.0,48
1192,39.77,-11.06,47.49,-55.48,1,0.0,MAINTAIN COURSE (PATH CLEAR),NORMAL,99.0,48
1193,39.81,-11.06,47.49,-55.03,1,0.0,MAINTAIN COURSE (PATH CLEAR),NORMAL,99.0,48
1194,39.84,-11.07,47.5,-57.6,1,0.0,MAINTAIN COURSE (PATH CLEAR),NORMAL,99.0,48
1195,39.87,-11.07,47.5,-57.72,1,0.0,MAINTAIN COURSE (PATH CLEAR),NORMAL,99.0,48
1196,39.91,-11.07,47.5,-58.67,0,0.0,MAINTAIN COURSE (PATH CLEAR),NORMAL,99.0,48
1197,39.94,-11.09,47.51,-58.67,0,0.0,MAINTAIN COURSE (PATH CLEAR),NORMAL,99.0,48
1198,39.97,-11.09,47.51,-63.25,0,0.0,MAINTAIN COURSE (PATH CLEAR),NORMAL,99.0,47
1199,40.01,-11.09,47.51,-63.25,0,0.0,MAINTAIN COURSE (PATH CLEAR),NORMAL,99.0,47
1200,40.04,-11.09,47.51,-63.34,0,0.0,MAINTAIN COURSE (PATH CLEAR),NORMAL,99.0,47
1201,40.07,-11.09,47.51,-67.92,0,0.0,MAINTAIN COURSE (PATH CLEAR),NORMAL,99.0,47
1202,40.11,-11.09,47.51,-67.83,0,0.0,MAINTAIN COURSE (PATH CLEAR),NORMAL,99.0,47
1203,40.14,-11.09,47.51,-63.24,0,0.0,MAINTAIN COURSE (PATH CLEAR),NORMAL,99.0,47
1204,40.17,-11.09,47.51,-65.04,0,0.0,MAINTAIN COURSE (PATH CLEAR),NORMAL,99.0,47
1205,40.21,-11.09,47.51,-69.62,0,0.0,MAINTAIN COURSE (PATH CLEAR),NORMAL,99.0,47
1206,40.24,-11.09,47.51,-69.62,0,0.0,MAINTAIN COURSE (PATH CLEAR),NORMAL,99.0,47
1207,40.27,-11.09,47.51,-69.66,0,0.0,MAINTAIN COURSE (PATH CLEAR),NORMAL,99.0,47
1208,40.31,-11.1,47.51,-70.1,0,0.0,MAINTAIN COURSE (PATH CLEAR),NORMAL,99.0,47
1209,40.34,-11.1,47.51,-70.01,0,0.0,MAINTAIN COURSE (PATH CLEAR),NORMAL,99.0,47
1210,40.37,-11.1,47.51,-70.5,0,0.0,MAINTAIN COURSE (PATH CLEAR),NORMAL,99.0,47
1211,40.41,-11.1,47.51,-71.37,0,0.0,MAINTAIN COURSE (PATH CLEAR),NORMAL,99.0,47
1212,40.44,-11.1,47.51,-71.45,0,-2.9,STEER RIGHT (HAZARD AHEAD),CRITICAL,4.3,47
1213,40.47,-11.1,47.51,-73.13,0,0.8,STEER LEFT (HAZARD AHEAD),CRITICAL,4.3,47
1214,40.51,-11.1,47.51,-77.71,0,-2.5,STEER RIGHT (HAZARD AHEAD),CRITICAL,4.3,47
1215,40.54,-11.1,47.51,-79.34,0,-1.9,MAINTAIN COURSE (PATH CLEAR),NORMAL,99.0,47
1216,40.57,-11.11,47.52,-74.76,0,0.0,MAINTAIN COURSE (PATH CLEAR),NORMAL,99.0,46
1217,40.61,-11.13,47.52,-79.34,1,0.0,MAINTAIN COURSE (PATH CLEAR),NORMAL,99.0,46
1218,40.64,-11.14,47.52,-80.01,1,0.0,MAINTAIN COURSE (PATH CLEAR),NORMAL,99.0,46
1219,40.67,-11.14,47.52,-80.0,1,0.0,MAINTAIN COURSE (PATH CLEAR),NORMAL,99.0,46
1220,40.71,-11.14,47.52,-80.01,0,0.0,MAINTAIN COURSE (PATH CLEAR),NORMAL,99.0,46
1221,40.74,-11.15,47.53,-75.42,0,0.0,MAINTAIN COURSE (PATH CLEAR),NORMAL,99.0,46
1222,40.77,-11.16,47.53,-70.84,1,0.0,MAINTAIN COURSE (PATH CLEAR),NORMAL,99.0,46
1223,40.81,-11.16,47.53,-75.42,0,0.0,MAINTAIN COURSE (PATH CLEAR),NORMAL,99.0,46
1224,40.84,-11.16,47.53,-80.01,0,0.0,MAINTAIN COURSE (PATH CLEAR),NORMAL,99.0,46
1225,40.87,-11.16,47.53,-80.5,0,0.0,MAINTAIN COURSE (PATH CLEAR),NORMAL,99.0,46
1226,40.91,-11.16,47.53,-85.08,0,0.0,MAINTAIN COURSE (PATH CLEAR),NORMAL,99.0,46
1227,40.94,-11.16,47.53,-85.09,0,0.0,MAINTAIN COURSE (PATH CLEAR),NORMAL,99.0,46
1228,40.97,-11.16,47.53,-85.1,0,0.0,MAINTAIN COURSE (PATH CLEAR),NORMAL,99.0,46
1229,41.01,-11.17,47.53,-89.68,0,0.0,MAINTAIN COURSE (PATH CLEAR),NORMAL,99.0,46
1230,41.04,-11.17,47.53,-89.68,0,0.0,MAINTAIN COURSE (PATH CLEAR),NORMAL,99.0,46
1231,41.07,-11.17,47.53,-85.1,0,0.0,MAINTAIN COURSE (PATH CLEAR),NORMAL,99.0,46
1232,41.11,-11.17,47.53,-85.11,0,0.0,MAINTAIN COURSE (PATH CLEAR),NORMAL,99.0,46
1233,41.14,-11.21,47.53,-85.11,1,0.0,MAINTAIN COURSE (PATH CLEAR),NORMAL,99.0,46
1234,41.17,-11.21,47.53,-89.7,1,-3.0,STEER RIGHT (HAZARD AHEAD),CRITICAL,4.9,46
